Country Name,Country Code,Series Name,Series Code,2003 [YR2003],2004 [YR2004],2005 [YR2005],2006 [YR2006],2007 [YR2007],2008 [YR2008],2009 [YR2009],2010 [YR2010],2011 [YR2011],2012 [YR2012]
Afghanistan,AFG,GDP per capita (constant 2010 US$),NY.GDP.PCAP.KD,343.080889714587,333.216684486798,357.234719908026,365.284494951006,405.548979051796,412.014286663305,488.300250990155,543.303041863931,528.736648057768,576.190125450699
Albania,ALB,GDP per capita (constant 2010 US$),NY.GDP.PCAP.KD,2725.17138911963,2887.37034243453,3062.67388299547,3263.90171311883,3485.32240934607,3775.58131429173,3928.45039149695,4094.3503344202,4209.87480089435,4276.60790388367
Algeria,DZA,GDP per capita (constant 2010 US$),NY.GDP.PCAP.KD,3991.07992627792,4108.19831659194,4290.53154268188,4299.74842525472,4377.49860061468,4409.81203227677,4403.87344648228,4480.79927130159,4524.72027613238,4588.14765577383
American Samoa,ASM,GDP per capita (constant 2010 US$),NY.GDP.PCAP.KD,10561.3156869179,10586.6823368619,10565.2319198874,10202.9553063961,10535.5519401488,10416.0057817659,10117.0113625969,10271.2245225485,10360.5091546826,9921.80610804858
Andorra,AND,GDP per capita (constant 2010 US$),NY.GDP.PCAP.KD,44328.7604494183,46010.1013427567,46880.8061047792,47845.400420286,47594.8281439041,44317.5502434378,41668.8373600629,40852.6667774434,41191.7854116591,39769.5614582283
Angola,AGO,GDP per capita (constant 2010 US$),NY.GDP.PCAP.KD,2423.29450431622,2597.45754126006,2883.97881768389,3102.65158022739,3409.50417848833,3652.15426594294,3549.57860280612,3587.88379824396,3579.96008145585,3748.44944492387
Antigua and Barbuda,ATG,GDP per capita (constant 2010 US$),NY.GDP.PCAP.KD,12870.947706353,13433.7813762756,14097.096665718,15653.3747162831,16833.7045173582,16558.4579093215,14327.3108496645,13049.2570545735,12618.0791316619,12876.8892883551
Argentina,ARG,GDP per capita (constant 2010 US$),NY.GDP.PCAP.KD,7380.4670873289,7962.41230916816,8577.86499429459,9174.50245831661,9901.51188115634,10201.4759370923,9502.24358504659,10385.9644319555,10883.315359489,10649.8372874572
Armenia,ARM,GDP per capita (constant 2010 US$),NY.GDP.PCAP.KD,2018.36748633212,2243.08895410475,2571.54737414349,2933.58637167002,3364.7057424114,3627.79670232372,3137.34609774988,3218.37270660563,3370.55110340079,3603.59584818863
Aruba,ABW,GDP per capita (constant 2010 US$),NY.GDP.PCAP.KD,25469.2876015726,27005.5294296216,26979.8853984373,27046.224230202,27427.5785719272,27365.9311941508,24463.6921995023,23512.6025956397,24233.0010815022,23781.2572983852
Australia,AUS,GDP per capita (constant 2010 US$),NY.GDP.PCAP.KD,46595.9009195353,47926.7486611411,48813.8877630783,49443.225533311,51024.2411265745,51841.2730313421,51767.3778350805,52022.1255961876,52567.7772438131,53682.0472210506
Austria,AUT,GDP per capita (constant 2010 US$),NY.GDP.PCAP.KD,43052.602598004,43956.5829032552,44637.8560109729,45951.7346365426,47510.2937856663,48053.4823567215,46123.4911031965,46858.0432733717,48065.3165411898,48172.2381151452
Azerbaijan,AZE,GDP per capita (constant 2010 US$),NY.GDP.PCAP.KD,2149.23250460856,2327.65185795531,2948.20604828813,3921.02755330664,4863.98288042341,5267.37198868499,5642.50471548519,5842.80578358576,5676.45041334095,5724.92083164488
"Bahamas, The",BHS,GDP per capita (constant 2010 US$),NY.GDP.PCAP.KD,31272.8381153798,30978.5823209877,31442.2788734593,31632.4534870083,31485.4937392896,30190.7510358741,28440.0722223017,28443.4076553352,28248.8497757498,28799.9214118515
Bahrain,BHR,GDP per capita (constant 2010 US$),NY.GDP.PCAP.KD,22058.8721481813,22144.6068766373,22066.209072122,21795.641469988,21837.5068879636,21562.6624712122,20796.2019205807,20722.1372891347,20516.5883157314,20924.7104304295
Bangladesh,BGD,GDP per capita (constant 2010 US$),NY.GDP.PCAP.KD,568.13922556822,588.327258879369,617.542666369303,649.929885115528,687.323085586786,720.357003907352,748.296060456803,781.153593557047,822.188338841729,865.749891053711
Barbados,BRB,GDP per capita (constant 2010 US$),NY.GDP.PCAP.KD,15494.1694097234,15658.3746240246,16216.5292067617,17102.3183903531,17402.2246142806,17446.2217713416,16492.1167966304,16056.3709766031,15900.0236759993,15787.8040183292
Belarus,BLR,GDP per capita (constant 2010 US$),NY.GDP.PCAP.KD,3369.02930622984,3780.4759965654,4164.18550822824,4608.73674666689,5028.10690244594,5560.14622910331,5583.70185481887,6029.3967998293,6365.3780531651,6478.70481089972
Belgium,BEL,GDP per capita (constant 2010 US$),NY.GDP.PCAP.KD,40634.5854893595,41903.9764229122,42641.6774559424,43442.5678977027,44710.3850177578,44556.8205778637,43306.5991304703,44141.8781415734,44309.6253696963,44361.2084743341
Belize,BLZ,GDP per capita (constant 2010 US$),NY.GDP.PCAP.KD,4251.48381435778,4340.95485820755,4311.49959680873,4402.68749108416,4311.07404394,4348.22547442813,4249.30150475318,4270.86434454699,4250.31974418125,4253.09941001094
Benin,BEN,GDP per capita (constant 2010 US$),NY.GDP.PCAP.KD,988.627481599083,1001.85440007121,989.372278966197,999.020026621627,1029.03226327339,1049.36786915158,1043.96189434954,1036.53395164469,1037.74703995475,1057.66774031197
Bermuda,BMU,GDP per capita (constant 2010 US$),NY.GDP.PCAP.KD,85321.2432651983,86733.3700723903,87616.3859691804,91944.8738136662,94029.6080297516,94903.19153445,89391.2111759902,88207.3275597322,86001.1711723395,81547.8552352009
Bhutan,BTN,GDP per capita (constant 2010 US$),NY.GDP.PCAP.KD,1366.81993529366,1424.05305747583,1504.45561555708,1588.53136946711,1859.08623424394,1928.76867961222,2038.56141967339,2258.18314115595,2411.02893205206,2504.5058910519
Bolivia,BOL,GDP per capita (constant 2010 US$),NY.GDP.PCAP.KD,1620.26366392743,1657.50512835135,1700.18279095051,1750.80304828605,1799.49854611382,1878.1103131111,1909.08458812934,1955.46155736098,2024.11732438255,2094.02421738306
Bosnia and Herzegovina,BIH,GDP per capita (constant 2010 US$),NY.GDP.PCAP.KD,3440.85572808556,3648.78669501381,3967.19497560584,4182.0053550408,4429.98982151809,4680.98609378614,4562.70844792763,4635.51777931783,4734.21455959276,4774.38530075719
Botswana,BWA,GDP per capita (constant 2010 US$),NY.GDP.PCAP.KD,5493.14411580954,5542.30542660652,5686.78053185044,6038.79181048478,6400.71756767326,6657.83238251693,6029.19863060839,6434.81565688465,6728.20195409419,6944.80763670943
Brazil,BRA,GDP per capita (constant 2010 US$),NY.GDP.PCAP.KD,8943.82848255785,9346.03934316368,9535.41883036578,9805.72450610977,10293.530341463,10710.8722205603,10594.9865923924,11286.2430162457,11627.8106505917,11745.7759262897
British Virgin Islands,VGB,GDP per capita (constant 2010 US$),NY.GDP.PCAP.KD,..,..,..,..,..,..,..,..,..,..
Brunei Darussalam,BRN,GDP per capita (constant 2010 US$),NY.GDP.PCAP.KD,37212.4669053931,36761.2498220737,36329.4982777345,37399.74000641,36987.8415885984,35844.4160068892,34800.5635264382,35269.5531076448,36121.891977592,35967.3283979567
Bulgaria,BGR,GDP per capita (constant 2010 US$),NY.GDP.PCAP.KD,4843.04625605349,5194.08571426205,5607.71304979399,6034.82019563462,6477.9851161821,6920.61843796227,6726.88692660985,6809.89898414354,7014.83562474702,7081.02615062678
Burkina Faso,BFA,GDP per capita (constant 2010 US$),NY.GDP.PCAP.KD,538.473818316437,546.357720253107,576.371744979895,594.378678960047,600.456114437171,616.353254308186,615.690923529602,647.835846453449,670.264548166389,692.445037920314
Burundi,BDI,GDP per capita (constant 2010 US$),NY.GDP.PCAP.KD,222.807321080131,226.288471649801,221.096374710531,225.622210413864,225.859085274657,229.148545082546,230.192598508771,234.235646874999,235.988766659787,238.816045825172
Cabo Verde,CPV,GDP per capita (constant 2010 US$),NY.GDP.PCAP.KD,2362.96107339695,2565.78049968481,2705.13463478074,2882.88994648951,3279.07835675104,3455.1017668217,3370.35023611401,3378.25485950035,3468.66705505948,3461.92665130578
Cambodia,KHM,GDP per capita (constant 2010 US$),NY.GDP.PCAP.KD,506.583017849236,549.969766152318,613.133329407254,668.876489417057,726.286982617308,763.508498039057,752.796480639033,785.502282874113,827.777013823179,873.949283306707
Cameroon,CMR,GDP per capita (constant 2010 US$),NY.GDP.PCAP.KD,1204.42005375107,1251.92898156968,1243.08065504954,1251.46386315501,1277.30478386454,1286.00107956163,1278.59620799079,1286.51557161767,1303.42588027745,1325.93022542942
Canada,CAN,GDP per capita (constant 2010 US$),NY.GDP.PCAP.KD,41532.2195539328,42757.003978954,44471.0800715094,45857.9965548037,48534.1744824198,48495.2040370934,46540.6436997867,47448.0132198383,48464.4962792344,48785.9360790745
Cayman Islands,CYM,GDP per capita (constant 2010 US$),NY.GDP.PCAP.KD,..,..,..,88280.8781682964,88390.1587504981,85528.6770181655,77238.2427959989,73350.7848219067,72662.0277314926,72208.1911691862
Central African Republic,CAF,GDP per capita (constant 2010 US$),NY.GDP.PCAP.KD,406.153825194334,421.946969836605,417.501900137222,428.956919649899,440.176442478945,441.296784922234,472.093180257763,488.421401781569,505.238458728031,528.644927384143
Chad,TCD,GDP per capita (constant 2010 US$),NY.GDP.PCAP.KD,572.625472514772,736.831334419516,833.557428518722,810.039354176086,808.631991990927,806.0779470248,812.711318919723,892.568720336953,863.761254867774,909.312343770806
Channel Islands,CHI,GDP per capita (constant 2010 US$),NY.GDP.PCAP.KD,..,..,..,..,..,..,..,..,..,..
Chile,CHL,GDP per capita (constant 2010 US$),NY.GDP.PCAP.KD,10109.6680484322,10726.6448499322,11225.0799494747,11808.8347703093,12256.4296859791,12553.7948363739,12227.2145300329,12808.034586422,13455.8378125533,14035.679130826
China,CHN,GDP per capita (constant 2010 US$),NY.GDP.PCAP.KD,2253.92968857986,2467.13284333365,2732.16587968885,3062.53490453063,3480.15272549424,3796.63336331895,4132.90231241877,4550.45359583857,4961.23468857388,5325.1601061666
Colombia,COL,GDP per capita (constant 2010 US$),NY.GDP.PCAP.KD,5031.492548084,5225.24490594416,5404.12314677673,5693.26494678366,6002.33040691112,6126.92597177956,6128.19547247793,6336.70921367988,6711.61618680642,6911.59200404802
Comoros,COM,GDP per capita (constant 2010 US$),NY.GDP.PCAP.KD,1288.61454617884,1282.52707114389,1287.86922403356,1290.7300018969,1270.24445650129,1289.67922875261,1299.27458879912,1316.49884810552,1337.73836893032,1347.55168235907
"Congo, Dem. Rep.",COD,GDP per capita (constant 2010 US$),NY.GDP.PCAP.KD,282.647066792974,292.35083712867,300.562422453352,306.528260726948,315.263863499979,324.04031280739,322.418254424149,334.021572573152,345.266114850827,357.598295892516
"Congo, Rep.",COG,GDP per capita (constant 2010 US$),NY.GDP.PCAP.KD,2452.62566286957,2463.03579490019,2571.78625004844,2642.89407435735,2513.18454756872,2563.69236638513,2666.17508860622,2812.43597442108,2828.48377871685,2860.87433557363
Costa Rica,CRI,GDP per capita (constant 2010 US$),NY.GDP.PCAP.KD,6545.73672073041,6730.83139416725,6892.92317953368,7289.90392269152,7779.3249270175,8034.32992249851,7854.95237470108,8141.91312675461,8390.47907109648,8689.96516770511
Cote d'Ivoire,CIV,GDP per capita (constant 2010 US$),NY.GDP.PCAP.KD,1231.719195257,1221.1572170007,1216.18707565008,1208.26438051626,1202.88900133888,1206.15073705977,1217.20786972238,1213.11264506443,1132.5484005404,1223.6319350233
Croatia,HRV,GDP per capita (constant 2010 US$),NY.GDP.PCAP.KD,12462.0800965034,12976.9323602855,13519.3469681563,14192.0848931646,14942.7601168568,15207.5056777016,14103.1261414621,13923.6285837055,13928.5019024278,13658.5154487544
Cuba,CUB,GDP per capita (constant 2010 US$),NY.GDP.PCAP.KD,3746.43781503043,3955.16666643203,4393.8300479724,4924.1296085638,5286.48019452478,5511.04696456554,5596.13968145983,5730.35477459488,5885.25462455411,6051.68574614449
Curacao,CUW,GDP per capita (constant 2010 US$),NY.GDP.PCAP.KD,..,..,..,..,..,..,..,..,..,..
Cyprus,CYP,GDP per capita (constant 2010 US$),NY.GDP.PCAP.KD,28530.9349607537,29566.8294482432,30558.4275397877,31469.4618636905,32377.0715210736,32725.6302483256,31216.7645467282,31023.6383309791,30363.5100539824,28873.6258339319
Czech Republic,CZE,GDP per capita (constant 2010 US$),NY.GDP.PCAP.KD,16143.2636401008,16930.1897023209,18011.3866984813,19193.7548217282,20151.1781208694,20520.7799617785,19424.2730584841,19808.0710912518,20118.5878138351,19929.7640671993
Denmark,DNK,GDP per capita (constant 2010 US$),NY.GDP.PCAP.KD,56256.7557391673,57608.7372315592,58792.6604579917,60892.7715799008,61174.5416304036,60504.7769830456,57229.0398875643,58041.3984363385,58575.6078086932,58487.7935518014
Djibouti,DJI,GDP per capita (constant 2010 US$),NY.GDP.PCAP.KD,..,..,..,..,..,..,..,1343.26872994437,..,..
Dominica,DMA,GDP per capita (constant 2010 US$),NY.GDP.PCAP.KD,5724.7994765532,5875.80828474521,5897.02359000568,6160.49355571934,6544.79032027381,7007.66041912456,6923.34180916382,6967.26665433457,6947.9662511963,6869.64063635644
Dominican Republic,DOM,GDP per capita (constant 2010 US$),NY.GDP.PCAP.KD,4096.11638629781,4143.28193797841,4472.71243618188,4818.73512337609,5109.48285883536,5207.00262280854,5191.14035635466,5555.38972190199,5660.51706694018,5745.4227442923
Ecuador,ECU,GDP per capita (constant 2010 US$),NY.GDP.PCAP.KD,3865.0528772486,4112.67444307076,4258.42161199778,4372.09186915062,4393.72410498858,4596.14518230386,4547.50930098406,4633.59035839904,4921.84840912018,5122.18009020886
"Egypt, Arab Rep.",EGY,GDP per capita (constant 2010 US$),NY.GDP.PCAP.KD,2048.22100367399,2093.34632990722,2147.81981105282,2254.5104594361,2372.38301038924,2497.34022161353,2565.76916476162,2644.81703909751,2635.19156362046,2634.85005236495
El Salvador,SLV,GDP per capita (constant 2010 US$),NY.GDP.PCAP.KD,2725.16159770344,2735.87188072744,2796.79323025908,2905.16191027816,2946.41450899997,3009.37036169881,2934.18700979006,2983.24270784904,3083.80337578809,3156.72384463597
Equatorial Guinea,GNQ,GDP per capita (constant 2010 US$),NY.GDP.PCAP.KD,10923.5286350039,14437.5681394498,16122.87357678,16591.2522076373,18261.0360664846,20532.9522638923,19868.0707623372,17288.8595992193,17610.3066333418,18254.0964461755
Eritrea,ERI,GDP per capita (constant 2010 US$),NY.GDP.PCAP.KD,610.485624930114,592.28852465549,584.570025035596,560.74366760336,553.877207201598,488.883713294106,498.534349079834,501.355633266246,537.491368290308,..
Estonia,EST,GDP per capita (constant 2010 US$),NY.GDP.PCAP.KD,12486.1124295075,13411.0395117541,14768.0566342049,16299.1545001753,17613.7530482035,16762.2845005182,14370.5134960561,14790.8212220594,15940.1585200411,16497.2087564675
Eswatini,SWZ,GDP per capita (constant 2010 US$),NY.GDP.PCAP.KD,3358.30622500786,3468.19455075762,3660.92995926922,3859.65208984107,4005.48151356337,4010.34211568285,4044.13301272204,4168.50517706719,4233.57521023067,4431.82374639263
Ethiopia,ETH,GDP per capita (constant 2010 US$),NY.GDP.PCAP.KD,194.873070098516,215.154562212426,233.944190480862,252.212288224834,273.492119814399,294.805427784673,312.033849443538,341.554114905179,369.202407829027,389.938966721631
Faroe Islands,FRO,GDP per capita (constant 2010 US$),NY.GDP.PCAP.KD,..,..,..,..,..,..,..,48530.2338492813,..,..
Fiji,FJI,GDP per capita (constant 2010 US$),NY.GDP.PCAP.KD,3503.5091817889,3681.14790773598,3690.02376489353,3729.9343473111,3661.40875555164,3659.09210381641,3573.39255030914,3652.52743714193,3735.55831531407,3781.18454181843
Finland,FIN,GDP per capita (constant 2010 US$),NY.GDP.PCAP.KD,42706.9211386174,44283.1625157095,45358.5616425923,47004.6158133285,49285.2720478322,49440.9681797545,45231.9617393544,46459.9732548543,47423.2104278239,46538.5774283497
France,FRA,GDP per capita (constant 2010 US$),NY.GDP.PCAP.KD,38985.5358593536,39794.6355114869,40152.6928743383,40850.3555437969,41582.7997168242,41456.4834259857,40058.679756449,40638.33400426,41329.0353691755,41258.2747345168
French Polynesia,PYF,GDP per capita (constant 2010 US$),NY.GDP.PCAP.KD,..,..,..,..,..,..,..,..,..,..
Gabon,GAB,GDP per capita (constant 2010 US$),NY.GDP.PCAP.KD,9859.2477036437,9679.07175731824,9675.42653304828,9143.47097135842,9413.58283593182,8826.626396463,8554.28310976306,8849.35529971507,9136.61456881311,9258.88197266208
"Gambia, The",GMB,GDP per capita (constant 2010 US$),NY.GDP.PCAP.KD,827.834232340336,858.600296928359,812.76633858754,784.023225291556,784.036919305198,808.705243613652,837.334898259103,860.637873688125,767.155353643339,783.266692810892
Georgia,GEO,GDP per capita (constant 2010 US$),NY.GDP.PCAP.KD,2069.08139767155,2202.57179943893,2429.17247947582,2673.14828195939,3025.14181765174,3107.73371855191,3020.99872474288,3233.29594347421,3500.52749285613,3751.00347585304
Germany,DEU,GDP per capita (constant 2010 US$),NY.GDP.PCAP.KD,38073.7606653695,38535.1709892798,38835.3823683537,40362.2941572851,41622.3558290865,42102.8532926964,39804.9212955522,41531.9341978689,43969.259276339,44070.9217011381
Ghana,GHA,GDP per capita (constant 2010 US$),NY.GDP.PCAP.KD,1012.10489177674,1042.55477657187,1076.61812539208,1116.63003289199,1135.49112995427,1207.83445550869,1234.54027272067,1299.34494946039,1446.37163070702,1543.76398423026
Gibraltar,GIB,GDP per capita (constant 2010 US$),NY.GDP.PCAP.KD,..,..,..,..,..,..,..,..,..,..
Greece,GRC,GDP per capita (constant 2010 US$),NY.GDP.PCAP.KD,26349.2773212451,27614.4059308213,27698.5106178693,29176.3928555464,30054.8893906847,29874.7434421564,28514.8100925637,26917.7589787254,24495.7111408242,22830.5267783973
Greenland,GRL,GDP per capita (constant 2010 US$),NY.GDP.PCAP.KD,33379.583469,35593.4254981198,37352.8925366913,39539.9157055674,40626.7814272793,43305.7027608534,43684.587199796,43988.3324931946,43781.4625641366,44454.3735497748
Grenada,GRD,GDP per capita (constant 2010 US$),NY.GDP.PCAP.KD,6893.36806378174,6826.29001746957,7709.14955177846,7382.16261402016,7815.06520462278,7869.21693735805,7325.6710994073,7257.75662232319,7274.72313572426,7147.18918737909
Guam,GUM,GDP per capita (constant 2010 US$),NY.GDP.PCAP.KD,27882.7097948152,29603.7734824842,30592.1607999249,29375.276247165,29578.3856170959,30054.0138683035,30112.6271684902,30700.4340081784,30690.4366504784,31252.6636152997
Guatemala,GTM,GDP per capita (constant 2010 US$),NY.GDP.PCAP.KD,2612.6878145099,2638.35041910946,2668.35760310063,2755.50694024087,2871.90348296609,2909.50971461775,2870.31158935321,2898.94221470448,2965.15320617913,2999.42276262614
Guinea,GIN,GDP per capita (constant 2010 US$),NY.GDP.PCAP.KD,636.791171662799,639.08718489237,644.958557799293,638.698570420575,667.198956283713,679.034406048802,656.20504391639,672.424402562443,694.603134542634,719.698172703926
Guinea-Bissau,GNB,GDP per capita (constant 2010 US$),NY.GDP.PCAP.KD,523.730947822119,525.824373105346,535.440957455005,534.822272283187,538.985481805324,542.645951129504,546.947092261669,557.632132626126,587.140383038061,561.986650036213
Guyana,GUY,GDP per capita (constant 2010 US$),NY.GDP.PCAP.KD,2476.0671291167,2512.7736881289,2462.3439328238,2588.02823636014,2769.21245500168,2822.65302049888,2919.39600742543,3033.24772490536,3179.85921030323,3332.70302751644
Haiti,HTI,GDP per capita (constant 2010 US$),NY.GDP.PCAP.KD,711.922302642403,675.68408044858,676.792899794046,680.944671724432,692.553620977461,687.447964430153,697.68891045003,665.627419493396,691.894267211056,701.445963678329
Honduras,HND,GDP per capita (constant 2010 US$),NY.GDP.PCAP.KD,1657.3134583985,1717.90223690812,1778.85007098289,1852.13954062011,1922.87465546677,1960.93922466572,1873.39410896665,1904.34646496881,1939.33862702996,1982.00973784495
"Hong Kong SAR, China",HKG,GDP per capita (constant 2010 US$),NY.GDP.PCAP.KD,24010.5431427658,25896.7131524307,27688.7665148885,29446.2795675916,31081.556431976,31553.6264533444,30711.4872627763,32549.998231121,33888.4923153422,34086.3065403193
Hungary,HUN,GDP per capita (constant 2010 US$),NY.GDP.PCAP.KD,11969.6190819737,12574.7105798992,13134.4298826021,13685.1739896682,13739.5846610243,13909.3230894709,12997.5791857191,13113.5259617277,13389.959626871,13261.1969629144
Iceland,ISL,GDP per capita (constant 2010 US$),NY.GDP.PCAP.KD,38928.9887689003,41692.0963255598,43635.0154565339,44859.8325719956,47835.3826310557,47889.3849432345,44491.7345060949,43024.9234853499,43700.7929954964,44032.4252000495
India,IND,GDP per capita (constant 2010 US$),NY.GDP.PCAP.KD,922.167960042853,979.283847700059,1040.31231291865,1106.9264701603,1173.87530979278,1192.51173233371,1268.24921034763,1357.56371913262,1410.426304742,1469.17761007839
Indonesia,IDN,GDP per capita (constant 2010 US$),NY.GDP.PCAP.KD,2335.59404450348,2420.39718164001,2524.22242375952,2627.90524538688,2757.8936698443,2885.30927484934,2979.00471389962,3122.36281521649,3270.61948985329,3421.27352044829
"Iran, Islamic Rep.",IRN,GDP per capita (constant 2010 US$),NY.GDP.PCAP.KD,5453.51074001954,5623.69359469475,5735.61106851669,5954.74146438264,6369.82193076155,6316.37162536933,6309.64160854798,6599.66093791004,6695.08228331152,6122.43208981298
Iraq,IRQ,GDP per capita (constant 2010 US$),NY.GDP.PCAP.KD,2524.38111249936,3792.54179752013,3869.95342447494,4181.40081811838,4168.66704409654,4436.25206984141,4493.18412633592,4657.28042580536,4848.44239867785,5322.38530653205
Ireland,IRL,GDP per capita (constant 2010 US$),NY.GDP.PCAP.KD,48236.9627237451,50546.4910496272,52276.2443324511,53466.0662222331,54708.0705789754,51202.3593236575,48110.551499518,48715.1768553933,48669.785700893,48573.3772496171
Isle of Man,IMN,GDP per capita (constant 2010 US$),NY.GDP.PCAP.KD,52661.1657643071,54956.4594714423,57629.9857667782,61319.1880926199,64993.8724110361,67152.2209281535,67857.0962739235,69766.5211886388,71137.5412756894,73720.5105053997
Israel,ISR,GDP per capita (constant 2010 US$),NY.GDP.PCAP.KD,26360.0897842174,26982.3062484689,27547.8254191261,28571.1332556547,29688.6713567678,30039.8370606234,29601.4250509176,30693.5930786871,31572.903434204,31695.0064286299
Italy,ITA,GDP per capita (constant 2010 US$),NY.GDP.PCAP.KD,36942.9393820643,37227.1479400919,37347.6359290146,37902.3070926424,38272.2040964632,37653.7480014558,35503.1510279269,36000.5201179254,36192.8663751007,35019.4718880864
Jamaica,JAM,GDP per capita (constant 2010 US$),NY.GDP.PCAP.KD,4891.21637817991,4927.63105504897,4944.47872915523,5061.21889926376,5108.06395643915,5041.74115405343,4799.01435544021,4704.05445468166,4759.25695989892,4703.08640587979
Japan,JPN,GDP per capita (constant 2010 US$),NY.GDP.PCAP.KD,42744.0112849926,43671.6799739036,44393.6263842134,44995.4944919183,45687.2738147645,45165.7879187717,42724.7603699577,44507.6763859172,44538.7261906952,45276.8743354249
Jordan,JOR,GDP per capita (constant 2010 US$),NY.GDP.PCAP.KD,3103.84278674733,3281.46358120829,3434.68121000028,3572.67917554508,3701.82188013913,3787.19549905151,3799.44110054204,3690.11326778672,3587.18304700904,3487.61361673173
Kazakhstan,KAZ,GDP per capita (constant 2010 US$),NY.GDP.PCAP.KD,6107.7092592063,6647.69212950055,7227.98294898919,7917.19534235689,8523.76620458622,8698.42365362226,8573.70829393744,9070.48825285747,9603.24465538973,9923.42220839838
Kenya,KEN,GDP per capita (constant 2010 US$),NY.GDP.PCAP.KD,811.426558401271,829.952874962489,855.225039996787,885.809632464257,920.649216604445,897.601930611382,902.124545867569,951.687961116879,982.980837581714,1000.8292167941
Kiribati,KIR,GDP per capita (constant 2010 US$),NY.GDP.PCAP.KD,1706.96806630926,1648.28087232712,1695.6838253286,1658.59507721265,1654.05592684939,1582.82972456681,1561.24762121981,1516.81186907787,1514.4979214378,1561.40029843359
"Korea, Dem. People’s Rep.",PRK,GDP per capita (constant 2010 US$),NY.GDP.PCAP.KD,..,..,..,..,..,..,..,..,..,..
"Korea, Rep.",KOR,GDP per capita (constant 2010 US$),NY.GDP.PCAP.KD,17627.2141951262,18470.0217466398,19225.0106941459,20131.0715398147,21191.2464696044,21664.606416493,21724.2423576681,23087.2256438476,23754.7724552742,24197.9413704675
Kosovo,XKX,GDP per capita (constant 2010 US$),NY.GDP.PCAP.KD,2468.42595775898,2531.18666786479,2682.07696091263,2780.42939371039,2959.14835475631,3120.58212212803,3206.91700206037,3286.55744309904,3401.01082844363,3465.42443211359
Kuwait,KWT,GDP per capita (constant 2010 US$),NY.GDP.PCAP.KD,41331.3805168436,44759.0697343497,47987.4587143171,49344.5194269624,49578.4971892166,47900.4421983109,41907.010754604,38577.4982788212,39940.0419836868,40287.3042188638
Kyrgyz Republic,KGZ,GDP per capita (constant 2010 US$),NY.GDP.PCAP.KD,716.26433079147,757.374178085683,747.565615591148,762.520115352821,819.80629532329,880.278819131137,894.817956477877,880.037775119109,921.177038530965,905.165668041719
Lao PDR,LAO,GDP per capita (constant 2010 US$),NY.GDP.PCAP.KD,763.158775210105,799.41190476348,842.9118834439,900.780853320282,953.092091962223,1010.39066541789,1068.16851075414,1140.59920478703,1213.18469310894,1290.83774819673
Latvia,LVA,GDP per capita (constant 2010 US$),NY.GDP.PCAP.KD,8896.7790528349,9744.65788966183,10908.806573996,12318.1302886128,13662.3348265402,13344.6528189506,11635.143585107,11348.4062304673,12283.2934032614,12950.7569816059
Lebanon,LBN,GDP per capita (constant 2010 US$),NY.GDP.PCAP.KD,5549.56082043425,5685.72705403081,5677.66621149624,5691.76334484592,6211.7951834915,6778.85215269321,7397.50986083517,7761.6461905722,7453.82347500754,7179.11697006244
Lesotho,LSO,GDP per capita (constant 2010 US$),NY.GDP.PCAP.KD,889.635388988519,910.287433599459,946.475374794034,989.573436925389,1038.97437923756,1108.88088202763,1131.06087652667,1137.27570186144,1193.27174196953,1266.65975140149
Liberia,LBR,GDP per capita (constant 2010 US$),NY.GDP.PCAP.KD,424.231862841808,427.21118312232,438.247567042964,457.699212126197,482.124952731092,495.679015083664,501.615734791463,513.445698620224,538.11623500132,564.520844221776
Libya,LBY,GDP per capita (constant 2010 US$),NY.GDP.PCAP.KD,9395.76598464741,9660.94817358162,10642.8965689334,11164.8087386679,11699.3143201487,11844.9252400819,11607.1982788564,12064.7806924218,4539.00252138836,10066.5790283158
Liechtenstein,LIE,GDP per capita (constant 2010 US$),NY.GDP.PCAP.KD,..,..,..,..,..,..,..,141200.380010278,..,..
Lithuania,LTU,GDP per capita (constant 2010 US$),NY.GDP.PCAP.KD,8924.65092176315,9616.61257363458,10529.8063974492,11491.6848764808,12918.3176844859,13394.8792058248,11537.9423861268,11957.0842136065,12967.1509631399,13646.0199403205
Luxembourg,LUX,GDP per capita (constant 2010 US$),NY.GDP.PCAP.KD,97678.4604816506,99778.4687961976,101380.77463957,104943.44029687,111968.349501179,108577.352298054,101939.613463932,104965.306078267,105264.748489747,102404.612086023
"Macao SAR, China",MAC,GDP per capita (constant 2010 US$),NY.GDP.PCAP.KD,26219.0461054444,32428.464523105,34224.803232391,37922.2749860571,42479.6317128333,43006.8305155031,42651.1851257065,52253.1553117325,62122.0181328047,66271.4690733933
Madagascar,MDG,GDP per capita (constant 2010 US$),NY.GDP.PCAP.KD,456.120757957718,465.972052523311,473.924876101465,485.129339617983,498.232913656453,516.709644631634,482.338427117163,471.959197029823,466.349175296974,467.435789903935
Malawi,MWI,GDP per capita (constant 2010 US$),NY.GDP.PCAP.KD,372.531249361403,383.094188753926,385.460830097058,392.759998934441,418.588218571652,437.895476144955,460.92468272226,478.668589704525,487.730681851429,482.923781207912
Malaysia,MYS,GDP per capita (constant 2010 US$),NY.GDP.PCAP.KD,7374.3430493666,7720.83042791277,7974.25085299158,8255.28604385146,8605.01751643998,8850.00922143873,8559.23449984417,9040.56625117172,9372.00753825617,9743.10479671184
Maldives,MDV,GDP per capita (constant 2010 US$),NY.GDP.PCAP.KD,6272.3939041638,6467.48160190977,5471.70158271906,6734.42699467905,7087.65368738208,7572.79543550442,6827.64870626618,7076.66242320238,7384.8492111405,7251.67627055564
Mali,MLI,GDP per capita (constant 2010 US$),NY.GDP.PCAP.KD,658.185934150514,647.573012432525,667.941990950178,676.428574018533,677.082109037417,686.172723660729,696.078053573472,710.274202175837,711.112812277099,684.647401501598
Malta,MLT,GDP per capita (constant 2010 US$),NY.GDP.PCAP.KD,19053.0262073895,19009.4074196305,19603.2995106087,19889.1925152824,20610.0608521516,21161.6408757838,20485.5568337554,21107.3644349639,21303.7645794281,21702.9923363846
Marshall Islands,MHL,GDP per capita (constant 2010 US$),NY.GDP.PCAP.KD,2791.2496941297,2764.98737464431,2788.13793748739,2781.14904540023,2843.68058543498,2645.83803896903,2680.41238268682,2876.994996984,2846.90704615602,2770.31073689698
Mauritania,MRT,GDP per capita (constant 2010 US$),NY.GDP.PCAP.KD,1458.90206203915,1485.26973579905,1567.20841213997,1802.256232239,1716.77397911793,1662.43915828703,1616.41538744544,1610.92390847611,1629.4350891255,1652.71417014361
Mauritius,MUS,GDP per capita (constant 2010 US$),NY.GDP.PCAP.KD,6162.11560692055,6388.74646896969,6463.92279139786,6746.88662255439,7100.86182329714,7456.36924572352,7683.12492469643,8000.37643182154,8313.27125393119,8580.08564924831
Mexico,MEX,GDP per capita (constant 2010 US$),NY.GDP.PCAP.KD,8967.02919031783,9190.74159228825,9270.65654228665,9547.33357068323,9622.04795699136,9587.63633933012,8947.74147387305,9271.39823324639,9477.88718509023,9690.86906453233
"Micronesia, Fed. Sts.",FSM,GDP per capita (constant 2010 US$),NY.GDP.PCAP.KD,2838.34913928664,2758.04443825915,2827.51311591979,2845.54486368506,2818.08747521974,2774.14558159908,2819.93892594743,2885.44567636113,2961.9370189298,2877.27228753759
Moldova,MDA,GDP per capita (constant 2010 US$),NY.GDP.PCAP.KD,1776.84322525924,1913.05768519828,2061.54713830899,2166.51459506283,2236.68686548507,2415.74296711919,2273.66666286975,2437.52997842423,2580.84130958529,2565.957672565
Monaco,MCO,GDP per capita (constant 2010 US$),NY.GDP.PCAP.KD,140485.865733672,142465.4152016,143694.466688517,150491.379888968,170534.698335385,169963.631621314,149242.716068066,150725.194124207,159431.473630687,159100.193449311
Mongolia,MNG,GDP per capita (constant 2010 US$),NY.GDP.PCAP.KD,1793.25370917456,1961.83840034669,2079.13047522721,2228.41928205623,2423.67120861002,2601.20051595729,2527.95836109812,2643.29291416763,3043.86182588884,3353.09360670119
Montenegro,MNE,GDP per capita (constant 2010 US$),NY.GDP.PCAP.KD,5164.10260870429,5383.12029089296,5599.87711295013,6072.03385894614,6476.59747159858,6932.07225426566,6516.35766357443,6682.28115774575,6890.77333865459,6697.44457797724
Morocco,MAR,GDP per capita (constant 2010 US$),NY.GDP.PCAP.KD,2235.41867848331,2315.18666207394,2363.44467623096,2512.86241117781,2571.2644401938,2691.26781170261,2771.04675450926,2839.92516805933,2948.84548976845,2995.45235738661
Mozambique,MOZ,GDP per capita (constant 2010 US$),NY.GDP.PCAP.KD,347.156695134303,363.78097846502,376.885649896437,401.954448645669,421.179658370669,439.642486440213,454.78167619146,471.181692645893,492.343001559207,513.739087159073
Myanmar,MMR,GDP per capita (constant 2010 US$),NY.GDP.PCAP.KD,471.42543031664,530.791337372722,598.067487858928,671.454940189372,747.11625115708,818.651189440208,899.242644243959,979.051630004942,1025.8922978384,1092.05650932938
Namibia,NAM,GDP per capita (constant 2010 US$),NY.GDP.PCAP.KD,4229.2930702425,4676.95565879142,4719.60805829674,4968.84701489108,5144.03064093459,5185.03611206718,5106.29761319136,5318.00693967195,5490.74170535099,5668.57004972299
Nauru,NRU,GDP per capita (constant 2010 US$),NY.GDP.PCAP.KD,..,3962.90944482387,3984.23487893654,4234.73294080182,3262.14704978491,3967.31668412153,4307.08002334012,4754.0750016078,5202.4433161176,5668.50252739376
Nepal,NPL,GDP per capita (constant 2010 US$),NY.GDP.PCAP.KD,473.983863772952,489.571766627658,500.206377079092,510.645652913,521.743908009703,547.698793266859,567.905933627147,592.401097450929,612.032557723897,642.520463351456
Netherlands,NLD,GDP per capita (constant 2010 US$),NY.GDP.PCAP.KD,46811.8893137336,47575.4792590688,48437.87957129,50033.8834297352,51808.7651443972,52727.5193016764,50533.5068799198,50950.0343435181,51499.5957887631,50780.7029655426
New Caledonia,NCL,GDP per capita (constant 2010 US$),NY.GDP.PCAP.KD,..,..,..,..,..,..,..,..,..,..
New Zealand,NZL,GDP per capita (constant 2010 US$),NY.GDP.PCAP.KD,31838.6224810479,32632.4424736258,33337.53568573,33871.0776711604,34586.9971193242,33941.4438621508,33554.7621359246,33700.126039246,34233.0218997058,34808.3415575672
Nicaragua,NIC,GDP per capita (constant 2010 US$),NY.GDP.PCAP.KD,1318.48855583305,1369.68274013587,1408.9680760126,1447.49250993843,1500.20675466732,1530.57341792369,1460.05610984083,1503.87042323136,1577.48717155585,1657.65152452845
Niger,NER,GDP per capita (constant 2010 US$),NY.GDP.PCAP.KD,441.238720545592,426.683988055748,440.391400349917,448.936076550571,445.800580328476,462.643122661151,453.625155919186,473.299877491723,466.070927637863,495.763971160512
Nigeria,NGA,GDP per capita (constant 2010 US$),NY.GDP.PCAP.KD,1682.09998921613,1791.26154475003,1857.92556390535,1919.72420341649,1993.09741067712,2072.27348562123,2179.98941589805,2292.44515619082,2350.3368242726,2384.95417065007
North Macedonia,MKD,GDP per capita (constant 2010 US$),NY.GDP.PCAP.KD,3436.94622646518,3591.25761924947,3755.02475748327,3942.45237464873,4193.00226998039,4418.40669877812,4398.88900268547,4542.89971678317,4645.28160135539,4620.09801374671
Northern Mariana Islands,MNP,GDP per capita (constant 2010 US$),NY.GDP.PCAP.KD,25233.2273681594,24745.6473819099,21880.3949333695,20613.2240897893,19460.4322414467,17494.3302803346,14542.3861660871,14804.2467250931,13655.085194743,13652.9197047443
Norway,NOR,GDP per capita (constant 2010 US$),NY.GDP.PCAP.KD,83941.3655844552,86759.1419589431,88432.620117153,89828.4251724899,91565.7333981819,90862.3997055782,88174.1578783654,87693.7900658099,87413.1769952234,88604.5746477835
Oman,OMN,GDP per capita (constant 2010 US$),NY.GDP.PCAP.KD,17388.775507231,17185.9916598611,17152.9410696663,17587.6146160481,17842.5322584676,18647.2657595987,18925.5844044285,18756.979252001,17353.0375624339,17633.1436393044
Pakistan,PAK,GDP per capita (constant 2010 US$),NY.GDP.PCAP.KD,856.315957839254,899.947181210454,936.849779624416,969.621801590101,993.551673725814,987.8456798175,993.382943724454,987.409723043923,992.878139474556,1006.07328865598
Palau,PLW,GDP per capita (constant 2010 US$),NY.GDP.PCAP.KD,9570.43696974506,10017.2065364831,10469.0379023379,10439.7207592061,10790.8815733905,10435.531865043,10006.5652307916,10219.9275967697,10844.0207063379,11109.4294053041
Panama,PAN,GDP per capita (constant 2010 US$),NY.GDP.PCAP.KD,5558.09649894838,5865.94164397528,6172.8663311685,6585.45694066376,7242.24887364638,7814.53724481353,7772.38875590225,8082.02845866252,8841.56127732431,9541.06021262127
Papua New Guinea,PNG,GDP per capita (constant 2010 US$),NY.GDP.PCAP.KD,1572.86307452524,1582.38826337102,1646.34398679661,1695.72731448472,1784.85298034408,1736.78630598941,1811.1304003162,1949.35251838561,1928.29267984968,1976.09878282594
Paraguay,PRY,GDP per capita (constant 2010 US$),NY.GDP.PCAP.KD,3489.68104109831,3569.44743813352,3587.04538683713,3702.82291801666,3848.11898316972,4037.05313652334,3972.63027398075,4355.93493867734,4479.3989342399,4394.54388141372
Peru,PER,GDP per capita (constant 2010 US$),NY.GDP.PCAP.KD,3464.39687811052,3602.99972514727,3796.20339984392,4047.7480360416,4356.73896501969,4716.1972623181,4729.73597651642,5082.35475666351,5360.2266324006,5642.57811515525
Philippines,PHL,GDP per capita (constant 2010 US$),NY.GDP.PCAP.KD,1760.03630778604,1838.9331082357,1893.70333474638,1958.92575935876,2051.23309422942,2105.11294450158,2100.65646359061,2217.47400856616,2264.39408703383,2379.66818447974
Poland,POL,GDP per capita (constant 2010 US$),NY.GDP.PCAP.KD,9135.62568943514,9610.42119979997,9950.50703941081,10572.0796893741,11321.9962072367,11801.54754645,12126.1460649328,12599.5335818707,13224.5690913933,13437.2399417066
Portugal,PRT,GDP per capita (constant 2010 US$),NY.GDP.PCAP.KD,21525.4232853846,21858.1244451664,21988.1887250657,22305.2443540489,22819.5034629579,22859.369406683,22124.5799752985,22498.6908586557,22149.6305813295,21337.2857541231
Puerto Rico,PRI,GDP per capita (constant 2010 US$),NY.GDP.PCAP.KD,25830.8301932217,28084.938567503,27566.6421566334,27293.4484654186,27134.5194142098,26790.8380811361,26411.423317718,26435.74878578,26647.3862687612,26979.6710188734
Qatar,QAT,GDP per capita (constant 2010 US$),NY.GDP.PCAP.KD,61063.2614597063,65885.0602241935,61649.392837961,65819.979939721,65183.5302939512,65046.8614399424,63218.8411981677,67403.1602978106,69679.0884802855,67623.8007390447
Romania,ROU,GDP per capita (constant 2010 US$),NY.GDP.PCAP.KD,5797.95135216523,6439.15335642109,6781.49133819162,7369.49247012029,8020.19273210173,8913.9797644699,8492.61749193263,8209.9194562169,8415.99918522552,8629.14303523025
Russian Federation,RUS,GDP per capita (constant 2010 US$),NY.GDP.PCAP.KD,7767.40504220441,8360.2516495897,8929.30105402209,9693.19784424864,10535.1258045896,11087.8210530057,10219.8942412012,10674.9957825675,11125.3445917131,11553.5764196455
Rwanda,RWA,GDP per capita (constant 2010 US$),NY.GDP.PCAP.KD,410.158653731943,434.442907377396,466.600732443436,498.206908029906,522.912993008478,565.971886784181,585.461721887633,612.343699051263,644.763840173281,683.460336640684
Samoa,WSM,GDP per capita (constant 2010 US$),NY.GDP.PCAP.KD,3273.47888851906,3403.66719777305,3522.71278454135,3569.24992784565,3770.53116718451,3783.2873918886,3576.14531637711,3566.36237812576,3685.07783821214,3504.14307397164
San Marino,SMR,GDP per capita (constant 2010 US$),NY.GDP.PCAP.KD,65570.8562742307,67658.1593963653,68391.4672554185,70111.9241679717,74189.6447154391,72918.1351021803,64581.6729426181,60239.3407070333,54476.9797420514,49939.0073851507
Sao Tome and Principe,STP,GDP per capita (constant 2010 US$),NY.GDP.PCAP.KD,886.447002984099,900.528947855697,941.536062815563,1000.61804000445,1004.47767794431,1056.09632215078,1052.46856184586,1094.71071732287,1117.13650006465,1128.50745494651
Saudi Arabia,SAU,GDP per capita (constant 2010 US$),NY.GDP.PCAP.KD,18034.7245219,18901.0131046053,19381.8519639916,19367.5827543478,19187.8067947643,19832.6513319799,18883.199839421,19262.5476811757,20553.9053742816,21006.6370090509
Senegal,SEN,GDP per capita (constant 2010 US$),NY.GDP.PCAP.KD,1163.98199413364,1201.69531506556,1237.21218830885,1235.12945515113,1262.32173275333,1278.77289978093,1270.56419984687,1280.22546972155,1263.45241134374,1291.62221425429
Serbia,SRB,GDP per capita (constant 2010 US$),NY.GDP.PCAP.KD,4195.28713062209,4584.73114413562,4852.8402319327,5120.80873793267,5472.70944434043,5806.89031544951,5670.95508551703,5735.42285659849,5898.59613222216,5886.89457613666
Seychelles,SYC,GDP per capita (constant 2010 US$),NY.GDP.PCAP.KD,8932.19505426459,8709.78268874452,9450.27943363656,10126.290476779,11124.6571123506,10645.0866961106,10486.1898908954,10804.6844747547,11967.3623467509,11999.9538480947
Sierra Leone,SLE,GDP per capita (constant 2010 US$),NY.GDP.PCAP.KD,344.826417313311,351.822123761394,353.889418515374,357.219529970943,375.668000342173,386.653814008902,390.131035408141,401.835001366837,417.603168385485,470.301404621334
Singapore,SGP,GDP per capita (constant 2010 US$),NY.GDP.PCAP.KD,35609.6713808109,38619.868034798,40498.7145261862,42785.5841644099,44742.4148336372,43216.2611731782,41983.0698197597,47236.9602345421,49194.3567574518,50143.7787074334
Sint Maarten (Dutch part),SXM,GDP per capita (constant 2010 US$),NY.GDP.PCAP.KD,..,..,..,..,..,..,..,..,..,..
Slovak Republic,SVK,GDP per capita (constant 2010 US$),NY.GDP.PCAP.KD,11783.2000301695,12407.7472345556,13228.2719665625,14351.1127591383,15900.9889660636,16773.0610731439,15836.8834450415,16727.2913264619,17184.2639708886,17480.2711778287
Slovenia,SVN,GDP per capita (constant 2010 US$),NY.GDP.PCAP.KD,20305.5173119165,21177.1022963873,21943.3616004936,23130.3839426918,24606.9329558709,25430.3496482875,23299.204840187,23509.5433941493,23662.8313902027,22989.9302725202
Solomon Islands,SLB,GDP per capita (constant 2010 US$),NY.GDP.PCAP.KD,1101.62532975912,1126.54985745102,1158.86419072008,1210.61572978844,1270.05015910328,1329.96028882875,1237.87175091192,1290.39878585913,1423.82917626249,1449.75580958037
Somalia,SOM,GDP per capita (constant 2010 US$),NY.GDP.PCAP.KD,..,..,..,..,..,..,..,..,..,..
South Africa,ZAF,GDP per capita (constant 2010 US$),NY.GDP.PCAP.KD,6266.01573980923,6472.10703408701,6729.8274660259,7017.71490394165,7299.02003724481,7432.11676075707,7216.67969294747,7328.61562893966,7454.72016478301,7500.04106663005
South Sudan,SSD,GDP per capita (constant 2010 US$),NY.GDP.PCAP.KD,..,..,..,..,..,1508.23264126216,1514.03397173587,1535.70818396841,1416.42943370462,742.342448651301
Spain,ESP,GDP per capita (constant 2010 US$),NY.GDP.PCAP.KD,30037.6248621551,30445.7488586839,31028.9967719752,31760.6025390822,32301.9690040863,32072.7645931733,30593.609837519,30502.7197080776,30146.9992402473,29235.8286869685
Sri Lanka,LKA,GDP per capita (constant 2010 US$),NY.GDP.PCAP.KD,1933.19270324969,2021.30544898445,2130.12840687652,2275.89172757242,2412.68682818023,2538.08761923669,2609.68801158959,2799.64887619972,3014.57874450509,3286.0075942939
St. Kitts and Nevis,KNA,GDP per capita (constant 2010 US$),NY.GDP.PCAP.KD,14169.5073513293,14560.5198928878,15790.5121650165,15772.17432479,15721.1120458798,16542.4817808203,15737.5556400545,15508.7681119997,15654.5951612067,15170.8986639694
St. Lucia,LCA,GDP per capita (constant 2010 US$),NY.GDP.PCAP.KD,7747.91129406267,8244.93382581884,8130.66015853571,8531.83692113609,8559.30018013656,8857.59735245812,8496.57647346636,8540.41437824647,8933.84619093225,8860.36963576419
St. Martin (French part),MAF,GDP per capita (constant 2010 US$),NY.GDP.PCAP.KD,..,..,..,..,..,..,..,..,..,..
St. Vincent and the Grenadines,VCT,GDP per capita (constant 2010 US$),NY.GDP.PCAP.KD,5507.46018039767,5726.53320003923,5863.49800511604,6314.9444499748,6531.13696924918,6642.27211018822,6509.21225751766,6292.78948709922,6262.8750297342,6342.46536797172
Sudan,SDN,GDP per capita (constant 2010 US$),NY.GDP.PCAP.KD,1115.72411936415,1127.11243923819,1178.22716325328,1261.28867591082,1368.34814425062,1435.50853834829,1443.09135614876,1401.47747416771,1591.56825353313,1745.10167474004
Suriname,SUR,GDP per capita (constant 2010 US$),NY.GDP.PCAP.KD,6293.39281428241,6748.97978747695,6970.99680301119,7289.76012687034,7574.14681072347,7797.33776081036,7940.38077869489,8255.7968587048,8639.95357766425,8772.96122137276
Sweden,SWE,GDP per capita (constant 2010 US$),NY.GDP.PCAP.KD,47212.708535919,49066.8961922116,50268.1757126904,52316.9632389091,53716.4434028519,53059.453925369,50326.2220511785,52869.0442891587,54147.9403966009,53432.6448453224
Switzerland,CHE,GDP per capita (constant 2010 US$),NY.GDP.PCAP.KD,67385.2976593135,68781.6125860233,70471.4385176523,72823.8372534677,75143.7022036991,75793.6330393036,73189.1925566825,74605.7210207051,75029.7578197262,74984.137116844
Syrian Arab Republic,SYR,GDP per capita (constant 2010 US$),NY.GDP.PCAP.KD,..,..,..,..,..,..,..,..,..,..
Tajikistan,TJK,GDP per capita (constant 2010 US$),NY.GDP.PCAP.KD,531.929855011299,576.444313095882,603.251798200936,633.34006878236,668.951287591953,707.125187558696,719.208329539065,749.552711015842,787.233265702208,827.112997957288
Tanzania,TZA,GDP per capita (constant 2010 US$),NY.GDP.PCAP.KD,583.314433771753,609.636715612512,637.005622161401,659.804350340482,684.884049106531,703.588494527695,719.723078440627,743.403784726004,777.227218443918,788.439151581443
Thailand,THA,GDP per capita (constant 2010 US$),NY.GDP.PCAP.KD,3969.73496509213,4190.48828312651,4337.87997532396,4525.95555489701,4745.30368527222,4801.87746520097,4744.76279118991,5076.34017438708,5094.47266059237,5437.87769081622
Timor-Leste,TLS,GDP per capita (constant 2010 US$),NY.GDP.PCAP.KD,635.358941335131,621.632782986268,625.442711942326,587.173261676576,634.762855027672,693.991612776827,749.918473033443,806.40786170986,838.188712186125,873.055997589049
Togo,TGO,GDP per capita (constant 2010 US$),NY.GDP.PCAP.KD,576.542804613352,556.582675801811,517.006798314805,516.780350613692,497.122958187546,503.451089461047,517.101198659896,534.044366810198,553.201455548493,573.923988738926
Tonga,TON,GDP per capita (constant 2010 US$),NY.GDP.PCAP.KD,3529.60608007764,3495.12725920748,3526.25339301453,3470.06644173657,3297.1451617834,3373.10074388628,3433.39422996634,3553.22061448636,3667.1356350961,3729.49503334811
Trinidad and Tobago,TTO,GDP per capita (constant 2010 US$),NY.GDP.PCAP.KD,12430.875473961,13350.8614277545,14110.0411657218,15899.4003031649,16580.3172421386,17064.5316567346,16234.9812324987,16683.3553787376,16534.2682622722,16636.6838307924
Tunisia,TUN,GDP per capita (constant 2010 US$),NY.GDP.PCAP.KD,3226.6462709814,3401.51747933244,3490.68397747258,3639.73069479715,3844.92821499035,3965.64828951732,4043.14643519898,4141.97635336459,4022.237688257,4142.49443137775
Turkey,TUR,GDP per capita (constant 2010 US$),NY.GDP.PCAP.KD,8331.57377455595,9009.47262310336,9692.12058261017,10252.3604841539,10640.4228221768,10602.8565769792,9976.15051631348,10672.389245603,11678.1307870247,12039.2956914658
Turkmenistan,TKM,GDP per capita (constant 2010 US$),NY.GDP.PCAP.KD,2495.28728467339,2593.51359957774,2899.95714182609,3181.07114894797,3489.32719574311,3949.04423321621,4129.54023238133,4439.20038235805,5006.27301039207,5462.9172897914
Turks and Caicos Islands,TCA,GDP per capita (constant 2010 US$),NY.GDP.PCAP.KD,..,..,..,..,..,..,..,21028.4081445193,..,..
Tuvalu,TUV,GDP per capita (constant 2010 US$),NY.GDP.PCAP.KD,3161.41999231299,3073.4828848462,2918.57272412158,2945.65137822433,3101.76057386846,3319.18126820326,3138.57364505373,3022.17650716397,3217.84629988041,3063.87414564206
Uganda,UGA,GDP per capita (constant 2010 US$),NY.GDP.PCAP.KD,608.710038807903,629.766751912994,648.765544758871,696.422980043531,731.583627970507,770.588634533878,797.34019808554,815.873679131482,864.537900031243,869.601494956259
Ukraine,UKR,GDP per capita (constant 2010 US$),NY.GDP.PCAP.KD,2353.60436841403,2658.68863640245,2758.51807511819,2983.85415462473,3229.65317989658,3322.00512728069,2844.32123372086,2965.13971520617,3138.46513682261,3153.7354536996
United Arab Emirates,ARE,GDP per capita (constant 2010 US$),NY.GDP.PCAP.KD,60351.1400473436,60328.3205264375,56092.9202185986,53335.0315740292,47283.9032785234,42456.7958854415,36024.0582294666,33893.303514039,34634.8621429885,35416.8917844949
United Kingdom,GBR,GDP per capita (constant 2010 US$),NY.GDP.PCAP.KD,38331.6056825266,39018.9510392376,39984.1674392449,40798.0653018924,41465.5454970381,41024.8110611627,38986.144513023,39435.8399018505,39731.4892839944,40039.7002444533
United States,USA,GDP per capita (constant 2010 US$),NY.GDP.PCAP.KD,45980.514584919,47287.593772018,48499.8123762908,49405.7672958456,49856.2814911902,49319.4788649957,47648.8132503916,48467.5157769259,48866.0532770682,49603.2534736283
Uruguay,URY,GDP per capita (constant 2010 US$),NY.GDP.PCAP.KD,8041.24017738851,8449.20908871166,9078.6374548701,9440.50698031014,10038.8950928926,10732.0112766921,11155.845245605,11992.0166261774,12574.9035699501,12981.1401108822
Uzbekistan,UZB,GDP per capita (constant 2010 US$),NY.GDP.PCAP.KD,1065.52698680767,1131.76452793728,1196.42238577936,1269.9813728038,1370.63658196869,1470.59518910222,1562.40505278092,1634.31209539718,1714.89056291696,1814.46719583956
Vanuatu,VUT,GDP per capita (constant 2010 US$),NY.GDP.PCAP.KD,2522.98621713048,2557.09984993409,2626.37295502417,2781.08669486324,2856.97075961693,2970.39186299374,2994.91684230213,2966.85711598678,2923.42028826041,2893.09572537593
"Venezuela, RB",VEN,GDP per capita (constant 2010 US$),NY.GDP.PCAP.KD,9830.73677120797,11429.4069750518,12400.7747575051,13413.0140896143,14374.374372096,14920.447414239,14239.0392030136,13825.3580883312,14179.192314908,14735.0935364906
Vietnam,VNM,GDP per capita (constant 2010 US$),NY.GDP.PCAP.KD,896.704375753457,955.447267091645,1018.12112382332,1079.06248842695,1145.14003771978,1198.41721350262,1250.79576057587,1317.89070617836,1385.89038466892,1443.49261488872
Virgin Islands (U.S.),VIR,GDP per capita (constant 2010 US$),NY.GDP.PCAP.KD,36565.8293918275,37654.274280256,39026.654555933,40472.6629527254,42118.3562605835,42491.4540238816,39667.1915982754,40043.1901659314,36798.6990347292,31301.001725378
West Bank and Gaza,PSE,GDP per capita (constant 2010 US$),NY.GDP.PCAP.KD,1810.42968486585,1947.2840298839,2103.13352808938,1970.10868156123,2046.97126353634,2112.48368880484,2235.04583613558,2354.12598671847,2580.36978854332,2675.67754197823
"Yemen, Rep.",YEM,GDP per capita (constant 2010 US$),NY.GDP.PCAP.KD,1199.54886794011,1211.77256637899,1243.43108853965,1246.8721107661,1252.48314306481,1262.01821783006,1274.4658827005,1334.78484461341,1133.12659096798,1128.68627294681
Zambia,ZMB,GDP per capita (constant 2010 US$),NY.GDP.PCAP.KD,1033.31080222697,1077.83638665003,1126.03193642396,1183.36385895953,1248.41842388165,1309.2816486784,1390.33144624924,1489.45930583593,1525.56249353769,1591.31955709811
Zimbabwe,ZWE,GDP per capita (constant 2010 US$),NY.GDP.PCAP.KD,1102.23075464005,1034.96298817003,971.26672303256,931.5685400464,890.180454570516,725.575973686015,803.222028647959,948.33185445926,1066.42626547202,1223.20343166571
Arab World,ARB,GDP per capita (constant 2010 US$),NY.GDP.PCAP.KD,4886.34941438461,5224.72916916463,5400.54005027667,5618.12920591447,5734.49210691552,5922.26597752644,5806.18528437373,5934.2906837414,6020.48689375278,6274.11113550431
Caribbean small states,CSS,GDP per capita (constant 2010 US$),NY.GDP.PCAP.KD,8110.08182076661,8374.34977433108,8625.08989407889,9150.32030109483,9384.84178667104,9442.29775865133,9032.80645855924,9086.89479336194,9118.6404697585,9165.28919428356
Central Europe and the Baltics,CEB,GDP per capita (constant 2010 US$),NY.GDP.PCAP.KD,9594.41306509323,10180.4579122556,10716.1038582864,11451.0877104468,12228.3453572263,12752.8371601478,12337.2729008786,12576.0418403691,13015.3170739998,13146.2571114107
Early-demographic dividend,EAR,GDP per capita (constant 2010 US$),NY.GDP.PCAP.KD,2338.68370647108,2454.97242766287,2562.68911132749,2677.21379044219,2789.69973460439,2841.67683255074,2816.25472151671,2944.92579471656,3045.71845818856,3129.45280552375
East Asia & Pacific,EAS,GDP per capita (constant 2010 US$),NY.GDP.PCAP.KD,5796.74522770117,6051.32008244533,6311.09931009471,6612.49054706468,6992.04483041941,7188.3239899156,7238.31437599285,7697.99280464496,7999.30316445153,8318.09401292737
East Asia & Pacific (excluding high income),EAP,GDP per capita (constant 2010 US$),NY.GDP.PCAP.KD,2219.17136783458,2397.48701023636,2609.23795451639,2867.78314441505,3192.53818847887,3436.66474123462,3674.96711186534,4005.48896330204,4313.71272115616,4604.47482719416
East Asia & Pacific (IDA & IBRD countries),TEA,GDP per capita (constant 2010 US$),NY.GDP.PCAP.KD,2243.10074953508,2423.36280843277,2637.39922911928,2898.71786965005,3226.91257397829,3473.5898269763,3714.36495467488,4048.33554619038,4359.76227289431,4653.53568428784
Euro area,EMU,GDP per capita (constant 2010 US$),NY.GDP.PCAP.KD,35769.7778722022,36393.167637284,36815.8438269879,37826.7326800846,38758.8715323378,38732.3388287046,36869.0870286206,37567.1305639807,38284.0749467061,37859.06133877
Europe & Central Asia,ECS,GDP per capita (constant 2010 US$),NY.GDP.PCAP.KD,21350.5917255576,21978.7315287229,22518.5464258145,23341.729302095,24113.3987203424,24263.9260041326,23091.3889232539,23604.6811937421,24111.5838943541,24090.2241275717
Europe & Central Asia (excluding high income),ECA,GDP per capita (constant 2010 US$),NY.GDP.PCAP.KD,5677.89378300957,6139.49276652887,6581.12265598493,7105.63408976279,7632.33145183612,7918.21325055498,7409.31665673687,7780.76665443152,8218.40932289336,8491.4486076798
Europe & Central Asia (IDA & IBRD countries),TEC,GDP per capita (constant 2010 US$),NY.GDP.PCAP.KD,6055.79061331421,6527.46464870234,6955.8007955742,7492.69478517756,8046.11046074729,8375.9856010598,7935.74157948301,8276.64365141122,8713.09185318913,8970.35580274396
European Union,EUU,GDP per capita (constant 2010 US$),NY.GDP.PCAP.KD,30605.4245488829,31284.6362241925,31775.677160958,32779.8014332052,33700.3132011155,33809.3759904484,32269.1124507662,32931.6381222667,33597.4511459169,33298.8074190362
Fragile and conflict affected situations,FCS,GDP per capita (constant 2010 US$),NY.GDP.PCAP.KD,1636.69324793225,1818.49506400816,1909.75058714603,2003.50275062131,2088.4222440615,2155.65399227784,2164.82830797075,2205.09861244964,2168.22175172327,2281.04689815321
Heavily indebted poor countries (HIPC),HPC,GDP per capita (constant 2010 US$),NY.GDP.PCAP.KD,642.672133744751,659.057773457297,679.174032954592,701.667329451818,726.150668584107,749.037394246845,759.971472245304,779.144755447606,798.091324987796,818.144673658993
High income,HIC,GDP per capita (constant 2010 US$),NY.GDP.PCAP.KD,36044.6279207807,37003.6767594821,37810.6362335816,38718.0166330709,39510.624328026,39363.9206042893,37785.4129670873,38650.1449944604,39191.5219676356,39470.8084289289
IBRD only,IBD,GDP per capita (constant 2010 US$),NY.GDP.PCAP.KD,3117.21340808566,3321.630291496,3513.67357563098,3753.05786886698,4030.52655754123,4212.08811905059,4254.39945934221,4520.58665637598,4744.62096467368,4935.64967902439
IDA & IBRD total,IBT,GDP per capita (constant 2010 US$),NY.GDP.PCAP.KD,2616.3703930704,2778.2596655848,2929.14168428162,3116.19099046437,3332.27574309896,3471.21569562879,3502.76083085555,3707.50905022089,3876.33951087656,4019.24189380379
IDA blend,IDB,GDP per capita (constant 2010 US$),NY.GDP.PCAP.KD,1209.95664918207,1272.00430681301,1316.53278882059,1359.88184977814,1405.70767208652,1431.65812964739,1481.71485640619,1536.68886157534,1572.29678023097,1604.91106277374
IDA only,IDX,GDP per capita (constant 2010 US$),NY.GDP.PCAP.KD,647.839106058014,669.527071800525,696.845428327962,726.565945346268,759.543719593169,789.431017753675,808.334623281765,836.667282442542,856.483975217282,877.328192390729
IDA total,IDA,GDP per capita (constant 2010 US$),NY.GDP.PCAP.KD,838.627987641757,874.152155210156,907.123942754868,941.280188200782,978.463378582207,1006.74484747377,1036.56859581065,1074.3401292154,1099.91561938971,1124.99436545013
Late-demographic dividend,LTE,GDP per capita (constant 2010 US$),NY.GDP.PCAP.KD,3989.82325912844,4276.96814274771,4554.64102237949,4921.00271905606,5360.88543953752,5674.67585726729,5787.99727275284,6192.38920863458,6567.6256278161,6882.03238093792
Latin America & Caribbean,LCN,GDP per capita (constant 2010 US$),NY.GDP.PCAP.KD,7416.99244492247,7786.96650192976,8017.49854874921,8337.27176010512,8692.47513763889,8928.37190886042,8660.212429782,9065.80754617692,9356.8239075059,9512.74749308319
Latin America & Caribbean (excluding high income),LAC,GDP per capita (constant 2010 US$),NY.GDP.PCAP.KD,7148.71175145204,7497.75897658106,7722.77676913418,8036.0291570494,8390.28524784499,8626.55710718363,8362.6982021173,8767.05888049051,9048.15612709312,9189.25321916519
Latin America & the Caribbean (IDA & IBRD countries),TLA,GDP per capita (constant 2010 US$),NY.GDP.PCAP.KD,7320.71241540878,7681.0054913185,7912.82970199912,8232.93611266332,8592.72463122356,8835.17025832604,8565.12414850996,8980.71915506806,9277.7522299358,9435.30991678231
Least developed countries: UN classification,LDC,GDP per capita (constant 2010 US$),NY.GDP.PCAP.KD,602.062882689874,626.525372451129,660.650102384089,694.178471611623,734.1130615361,768.17612388491,785.88163388425,813.267030829268,828.979268061528,848.282779203728
Low & middle income,LMY,GDP per capita (constant 2010 US$),NY.GDP.PCAP.KD,2507.99694273915,2664.27405815945,2812.4598449577,2993.75316826287,3203.62591872576,3337.342163617,3372.01129693406,3576.05291967848,3740.68191261479,3882.32561606572
Low income,LIC,GDP per capita (constant 2010 US$),NY.GDP.PCAP.KD,581.260700888341,597.154842311901,620.776894470758,644.161729697875,673.734013135025,697.949839906324,712.712231438042,734.203521218984,738.660345014634,736.860577358031
Lower middle income,LMC,GDP per capita (constant 2010 US$),NY.GDP.PCAP.KD,1133.74369562613,1195.32922109278,1253.39280069317,1317.64646967201,1385.43441295923,1421.00019710934,1466.81272155345,1542.65245327535,1592.38180732811,1647.73734053838
Middle East & North Africa,MEA,GDP per capita (constant 2010 US$),NY.GDP.PCAP.KD,5940.99533922358,6292.91427440293,6480.59934164182,6730.52342136692,6929.50927684524,7086.47957878901,6969.68329380032,7169.34465290674,7281.79541077623,7413.89726005229
Middle East & North Africa (excluding high income),MNA,GDP per capita (constant 2010 US$),NY.GDP.PCAP.KD,3327.78809831846,3532.84861517476,3629.48277864046,3762.62423372706,3923.13295794257,3990.66580156307,4020.94405040192,4157.89881384807,4045.84006450738,4084.70021059202
Middle East & North Africa (IDA & IBRD countries),TMN,GDP per capita (constant 2010 US$),NY.GDP.PCAP.KD,3344.36476964192,3550.29447133625,3646.36241745709,3782.70086468104,3944.31198575773,4012.05605106562,4041.40939057703,4178.70835563283,4062.7141547104,4100.98018075988
Middle income,MIC,GDP per capita (constant 2010 US$),NY.GDP.PCAP.KD,2684.31985208067,2856.23475455799,3019.27504668942,3218.92340045113,3449.92080525239,3598.60076895893,3639.71784038469,3866.19384501526,4051.15724884491,4211.70152227454
North America,NAC,GDP per capita (constant 2010 US$),NY.GDP.PCAP.KD,45550.8559363578,46849.8120961325,48111.2143235381,49064.9667284961,49734.7425918768,49247.0754372481,47547.403102698,48374.0945971237,48833.1258274061,49527.8035713892
Not classified,INX,GDP per capita (constant 2010 US$),NY.GDP.PCAP.KD,..,..,..,..,..,..,..,..,..,..
OECD members,OED,GDP per capita (constant 2010 US$),NY.GDP.PCAP.KD,32849.5423514636,33660.9995026892,34367.075846491,35170.1069120168,35859.8405553342,35678.1820110068,34208.8009870163,34983.4873923862,35452.0664025797,35686.2559060587
Other small states,OSS,GDP per capita (constant 2010 US$),NY.GDP.PCAP.KD,8754.24144330256,9378.24706412016,9713.25355534927,10486.2880837083,11236.6966409123,11757.1491901943,11686.5682619237,12366.3372572519,13003.2338341626,13179.3018549247
Pacific island small states,PSS,GDP per capita (constant 2010 US$),NY.GDP.PCAP.KD,2785.4212122591,2862.51537023643,2892.41633670771,2928.23269673363,2923.07792302633,2935.43192325509,2859.42497639093,2905.02252028699,2980.38121944126,2977.79946570105
Post-demographic dividend,PST,GDP per capita (constant 2010 US$),NY.GDP.PCAP.KD,36833.0782977885,37790.383906324,38634.3275186091,39571.4777651091,40397.2719108353,40244.9598987918,38646.9286028917,39558.9085419305,40082.7129103373,40365.3913603353
Pre-demographic dividend,PRE,GDP per capita (constant 2010 US$),NY.GDP.PCAP.KD,1043.04576696539,1141.62388796058,1183.41399411471,1232.06484307713,1275.9296115579,1325.5351568828,1354.76824673454,1396.88720924211,1424.07116860957,1460.15598632608
Small states,SST,GDP per capita (constant 2010 US$),NY.GDP.PCAP.KD,8222.01004350904,8735.82809078078,9037.81200173364,9717.05280091647,10319.8337111022,10723.6061038311,10595.7777018237,11122.8030135803,11617.6047351015,11769.5766905536
South Asia,SAS,GDP per capita (constant 2010 US$),NY.GDP.PCAP.KD,880.337170033025,930.93998775879,985.155072808326,1044.16126626214,1103.28858485816,1121.83321385746,1184.31022611746,1257.49943946437,1304.00875135793,1357.60557464947
South Asia (IDA & IBRD),TSA,GDP per capita (constant 2010 US$),NY.GDP.PCAP.KD,880.337170033025,930.93998775879,985.155072808326,1044.16126626214,1103.28858485816,1121.83321385746,1184.31022611746,1257.49943946437,1304.00875135793,1357.60557464947
Sub-Saharan Africa,SSF,GDP per capita (constant 2010 US$),NY.GDP.PCAP.KD,1309.99491998383,1358.78552725553,1405.10047137523,1452.20532757821,1506.25707613995,1544.38279278145,1549.00351146049,1588.81797741095,1619.33651952717,1638.25242188538
Sub-Saharan Africa (excluding high income),SSA,GDP per capita (constant 2010 US$),NY.GDP.PCAP.KD,1300.91332353876,1349.63303435622,1396.01884874545,1442.86794856227,1496.5620136215,1534.46981929176,1539.01908045202,1578.62752040559,1608.9227774341,1627.74318597709
Sub-Saharan Africa (IDA & IBRD countries),TSS,GDP per capita (constant 2010 US$),NY.GDP.PCAP.KD,1309.99491998383,1358.78552725553,1405.10047137523,1452.20532757821,1506.25707613995,1544.38279278145,1549.00351146049,1588.81797741095,1619.33651952717,1638.25242188538
Upper middle income,UMC,GDP per capita (constant 2010 US$),NY.GDP.PCAP.KD,4082.110432982,4366.65844525489,4639.11780625734,4978.16926284795,5376.85750985135,5648.41656637723,5701.91354299914,6089.42331362091,6422.03279694501,6701.77365196732
World,WLD,GDP per capita (constant 2010 US$),NY.GDP.PCAP.KD,8434.21259393964,8696.86570415111,8926.04494230919,9202.5422634913,9483.24758622776,9540.77603882364,9267.69117773877,9551.33565289547,9737.34274698701,9865.63452315589
,,,,,,,,,,,,,
,,,,,,,,,,,,,
,,,,,,,,,,,,,
Data from database: World Development Indicators,,,,,,,,,,,,,
Last Updated: 10/15/2020,,,,,,,,,,,,,
