country,avgGenderDiff,isocode,logAvgGDPpc,Date,ScoreWEF,avgRatioLabor,ValueUN,GDI,region,telephone,personal,avgGenderDiffRescaled,GenderIndex,logAvgGDPpcStd,DateStd,ScoreWEFStd,avgRatioLaborStd,ValueUNStd,GDIStd,GenderIndexStd,GenderIndexRescaled,residualslogAvgGDPpc,residualsavgGenderDiff_GEI,residualsGenderIndexStd,residualsavgGenderDiff_GDP,residualsScoreWEFStd,residualsValueUNStd,residualsavgRatioLaborStd,residualsDateStd,residualsGDIStd
Algeria,0.175908969646389,DZA,8.37734266346542,1962,0.632,19.5617557971058,7.09,0.836173001310616,Middle East and North Africa,F,T,0.694822859314575,-2.47294991498973,-0.254662564916993,-0.800500830093517,-1.30357750951822,-2.24436670411413,-0.655534167934598,-1.45488616884488,-1.63035573312963,0.16542203180228,0.90422469697179,0.358796969692191,-1.49181479192957,0.20848099098172,-1.21158172665538,-0.429719631931306,-2.2191906582231,-0.705247209067901,-1.31951615269418
Argentina,0.1836310602049,ARG,9.15503477940437,1947,0.734,65.6493715940859,6.02,0.992797118847539,Latin America and Caribbean,F,T,0.704509429393362,0.143549225636374,0.28913923314251,-0.0120749903385925,0.547442063161943,-0.0923058657251586,-0.300180094868187,0.707527516104496,0.09463851313121,0.524036016456781,0.339869791085632,0.173014819808915,-0.0626583455982401,0.146649381041066,0.477757966074189,-0.537657817339116,-0.120890289214602,-0.146932853879427,0.553830867863082
Australia,0.349827379362559,AUS,10.831083350524,1962,0.733,80.1646064755815,2,0.97571277719113,East Asia and Pacific,T,F,0.912985654860925,0.815361957678347,1.46111745939663,-0.800500830093517,0.529294812449392,0.585482906991767,1.03488847870842,0.471654428503793,0.537548307880797,0.616113799720087,1.67133415720329,0.289526959669731,-0.257325442388047,0.16294655894671,0.111165197892512,-0.201056775979944,0.44103623410934,-1.4312850596104,-0.305026251442491
Austria,0.328612611482283,AUT,10.7415607995392,1918,0.733,78.1743806741309,1.18,0.961915125136017,Europe,T,F,0.886373905850678,1.86804012321796,1.39851874816543,1.51221496652093,0.529294812449392,0.492549329656794,1.30721589918922,0.281158660078398,1.23155341972109,0.760392506195267,1.04187502643239,0.190460957027094,0.470734475955543,0.149738333207605,0.129776670221286,0.124601652981087,0.354291191108771,0.90791958353739,-0.462246659772686
Bangladesh,-0.252304448344944,BGD,6.55805694315242,1972,0.704,34.2449260804688,8.4,0.844771241830065,South Asia,F,T,0.157673074470602,-1.84402722140426,-1.5267994756734,-1.3261180565968,0.00302454178542476,-1.55873618919622,-1.09059382748319,-1.33617550500756,-1.21572229758484,0.251621361924115,-1.23764619632262,-0.115928677647605,-0.385116368313289,-0.057022722848241,0.47324441979795,0.219018490314591,-1.40779616517465,-0.692555599244193,-0.524580484168274
Bolivia,0.164057423342993,BOL,7.51692562881957,1952,0.749,75.0511702227959,7.26,0.924393723252497,Latin America and Caribbean,F,T,0.679956310814532,0.201809431844,-0.856309824715329,-0.274883603590234,0.819650823850202,0.34671104346787,-0.711992291692813,-0.236876456015927,0.133048050108959,0.532021084890593,-1.32812201262825,0.149132526095132,0.598895745916118,0.273581734029854,1.09052475144136,0.0263959775924228,0.431366184874326,0.0749589956836379,0.21830891777273
Botswana,0.0659597919621368,BWA,8.73160425672903,1965,0.71,78.9223233143459,7.15,0.981348637015782,Sub-Saharan Africa,"","",0.55690290011782,-0.360031342707121,-0.00694487889212542,-0.958185998044502,0.111908046060728,0.527474505054418,-0.675460564555145,0.549465308481526,-0.237359907748618,0.455015915741202,0.174734328210191,0.0925860539104237,-0.233581770751729,0.0668480604970875,0.130253896391062,-0.660689255389275,0.528161078637594,-0.967754914730154,0.55315697147918
Brazil,-0.146768819786068,BRA,9.24850504607934,1932,0.686,69.8535767861713,6.54,0.994550408719346,Latin America and Caribbean,F,T,0.290056689257099,0.00985133411392122,0.354498387544617,0.776350849416332,-0.323625971040484,0.104009460940785,-0.472875532246256,0.731734120247597,0.00649474498219804,0.505711556542264,0.501915985937323,-0.147497379140609,-0.186358650177565,-0.19211010913579,-0.412742258818144,-0.766036024364085,0.0689636045699005,0.613836048912168,0.543294753578395
Cambodia,-0.319828517390493,KHM,6.56080194725664,1955,0.662,88.7073261659071,7.59,0.906735751295337,East Asia and Pacific,F,T,0.0729710599243413,-0.457159974288052,-1.52488002948517,-0.432568771541219,-0.759159988141698,0.984385132263501,-0.821587473105818,-0.480669307392169,-0.301394452237022,0.441703591248353,-1.94624905003338,-0.286019068646004,0.528167264346307,-0.124792294181161,-0.289510788325517,0.486389571394345,1.13513539904558,0.200181465966777,0.329905400698806
Cameroon,-0.139979100706622,CMR,7.14745441142489,1946,0.682,89.6817830538718,9.28,0.865486725663717,Sub-Saharan Africa,F,T,0.298573695005736,-0.31752956352818,-1.11466285187426,0.0404867323117358,-0.396214973890686,1.029887388586,-1.38284764458454,-1.05016945155493,-0.209339518442478,0.460841154568767,-1.43121540431108,-0.116496074836554,0.39705679532174,0.0025892512801876,-0.0485290781063709,-0.424355363390517,1.14008341649834,0.499652248195884,-0.457652336564004
Canada,0.397493749209187,CAN,10.7426526485155,1960,0.74,85.3499754231012,1.38,0.987925356750823,North America,T,F,0.97277822378021,1.15476362490604,1.39928222438485,-0.69537738479286,0.656325567437246,0.827613667101225,1.24079457712074,0.640266067526679,0.761307572330241,0.662631752809794,1.40881855310825,0.312092743469213,7.32839927204687e-05,0.218521820289562,0.256580433051443,0.057529886902946,0.68928005098019,-1.2999958352008,-0.103545090489851
Chile,-0.0216281560897081,CHL,9.40267181395829,1948,0.698,59.3502097530794,5.22,0.962918660287081,Latin America and Caribbean,F,T,0.447032808536696,-0.253623065527479,0.462299616148269,-0.0646367129889208,-0.105858962489879,-0.386445175782343,-0.0344948065942348,0.295013857975855,-0.167207518611777,0.469600096445531,0.791223265760518,-0.00287136083936884,-0.418706689518522,-0.0807575101249392,-0.227026063194897,-0.419496618185995,-0.43214830594343,-0.272767951027114,0.0492710000695381
China,0.0654533764899474,CHN,8.20964305246326,1948,0.682,82.7699821161845,2.44,0.95225102319236,East Asia and Pacific,T,T,0.556267653881949,0.605096375442347,-0.371926644271519,-0.0646367129889208,-0.396214973890686,0.70714090097725,0.888761570157749,0.147732297495484,0.398925323484558,0.587295071247925,-0.842257338597004,0.0207032320293489,0.601259998671516,0.113023786362866,-0.269354940228723,1.21447930684173,0.743909721975072,0.0802375813828989,0.345435936655496
Colombia,0.00565330717564548,COL,8.69234737053681,1954,0.725,66.2880351798527,6.33,0.986559139784946,Latin America and Caribbean,F,T,0.481254604275731,-0.135315310103183,-0.0343952861420073,-0.380007048890891,0.384116806748987,-0.0624834748709989,-0.403133144074344,0.621403542967356,-0.08921009288126,0.485815204231916,0.0202167573764677,0.0156606050551302,-0.0704984486452397,0.0100525560185897,0.410624047064777,-0.364975444469502,-0.0590831427388351,-0.377960237223374,0.639686915091835
Costa Rica,-0.0859155582804811,CRI,8.94050293024014,1948,0.732,57.4870787107296,5.08,0.979746835443038,Latin America and Caribbean,F,T,0.366390860376981,0.062779100608942,0.139127675965177,-0.0646367129889208,0.511147561736842,-0.473444064392471,0.0120001188537067,0.527350210909413,0.0413887341502972,0.512965767692931,0.166766316218354,-0.0905584117751874,-0.0342991832374645,-0.103710359143144,0.486063998597634,-0.097675170138846,-0.487198283651019,-0.136016702334819,0.453394638567815
Croatia,-0.011519956479567,HRV,9.53902869373319,1945,0.708,75.3233619179456,2.21,0.984412470023981,Ex Soviet,F,T,0.459712507531689,0.789694389876094,0.557647267075461,0.0930484549620641,0.0756135446356272,0.35942103242123,0.96514609053651,0.591765782568902,0.520626304702229,0.612595836108698,0.392444833582876,-0.0699221209295612,0.217256324652515,-0.0828445293970335,-0.073901746182939,0.498912792223118,0.304291794280244,-0.155429449054565,0.295339334594478
Czech Republic,0.233240917475132,CZE,9.8534106179569,1920,0.687,73.3995667203869,2.09,0.980703745743473,Ex Soviet,F,T,0.766739903823252,1.1031774277699,0.777479064474932,1.40709152122027,-0.305478720327933,0.269589431585457,1.0049988837776,0.54056168792503,0.727298047211493,0.655561415418537,0.546035962630778,0.151654989576812,0.304335679771229,0.133799271294803,-0.520353078990152,0.351479757677185,0.192727531553462,1.06559108319398,0.127280083111579
Egypt,0.0488685881519038,EGY,7.7788079739548,1956,0.599,28.8779972871157,9.25,0.865734265734266,Middle East and North Africa,F,T,0.53546373902741,-2.80440184679923,-0.673188397551782,-0.485130494191547,-1.90243678303239,-1.80934488480495,-1.37288444627427,-1.04675181674526,-1.84887393036726,0.119993659156534,0.475697354704819,0.256269248382419,-1.48264753100548,0.134971179849672,-1.68600741679766,-0.790506583479705,-1.7427932029918,-0.212776317373977,-0.688907607178163
Estonia,0.325430969450806,EST,9.63521000605059,1918,0.749,80.701659782635,2.11,1.02344665885111,Ex Soviet,F,T,0.882382862457701,1.93333686601007,0.624902122185792,1.51221496652093,0.819650823850202,0.61056060672196,0.998356751570754,1.13068702553004,1.27460197412994,0.769341993223202,-0.0979675797758763,0.182450268266297,0.934644162922965,0.24550432117031,0.650139724008688,0.474825640288358,0.54878252594796,1.2352779536728,0.798510168674494
Finland,0.289082147657673,FIN,10.7444796249982,1906,0.85,87.4429881470172,0.56,1.00548245614035,Europe,T,F,0.836786996038802,3.61625081341641,1.40055973906699,2.14295563832487,2.65252314581781,0.925346878930433,1.51312199760154,0.882666232871461,2.3841062086826,1,0.148106781036042,0.0216408723933167,1.62217692975423,0.109946821202584,2.25239818845022,0.328768928006495,0.786886967182578,1.5377966034593,0.138175991208656
France,0.0370824515758385,FRA,10.6117864311674,1944,0.761,80.9545148096096,1.42,0.990990990990991,Europe,T,F,0.520679240317229,1.60270434808044,1.3077739232968,0.145610177612392,1.03741783240081,0.622367670114844,1.22751031270704,0.682591410125498,1.05662399653394,0.724025928382942,1.04819590123422,-0.0814461895051762,0.345171843095165,-0.130185321546991,0.664879395725815,0.122206172880043,0.493080602269778,-0.420286240083136,-0.0125770264912425
Georgia,-0.0199403771210354,GEO,7.97290299399182,1918,0.687,73.8297389924231,6.01,0.971576227390181,Ex Soviet,F,T,0.449149954034237,0.509024833129458,-0.537467308540752,1.51221496652093,-0.305478720327933,0.289676322269666,-0.296859028764763,0.414543607777615,0.335587692240589,0.574127630041548,-1.02972066494908,-0.0575855122450444,0.627979417792284,0.0488031252721754,-0.129401131995318,0.169891173226039,0.342810561411429,1.72713832683376,0.700243071541955
Germany,0.162517500962936,DEU,10.618662465785,1918,0.779,77.9109491694493,1.06,0.963196635120925,Europe,T,F,0.678024636232721,2.33840591618968,1.31258199568421,1.51221496652093,1.36406834522672,0.480248397724874,1.34706869243032,0.298851687003905,1.54165414703108,0.824860232801283,0.677718057494764,-0.0104202438392998,0.827586317141678,-0.00536523744321075,0.990100401387234,0.237668312533468,0.350486001866395,0.944283997489016,-0.398872558461103
Ghana,-0.310624626560251,GHA,7.09963552635201,1954,0.704,92.5412066301345,9.07,0.887622149837134,Sub-Saharan Africa,F,T,0.0845163963651806,-0.171580922391488,-1.14810024329288,-0.380007048890891,0.00302454178542476,1.16340814882555,-1.31310525641263,-0.744559147679018,-0.113119129029265,0.480844686364468,-1.55389383591913,-0.297935290819166,0.511467717292896,-0.163779543020689,0.360651841680055,-0.32612597013127,1.27690981100379,0.09330760700498,-0.134267845037651
Greece,-0.0535724428629697,GRC,10.2165706203312,1952,0.685,67.5005895221563,1.59,0.964732650739477,Europe,F,T,0.406961979257828,0.324035871535302,1.03141896977538,-0.274883603590234,-0.341773221753035,-0.0058632598877606,1.17105218894882,0.320058518021281,0.213628969068478,0.548773282469126,1.30883095394478,-0.0775366453439715,-0.347481199954034,-0.185493680286065,-0.632147465759787,0.301188812676395,-0.107829763383926,-0.723839531480416,-0.228208961504594
Guatemala,-0.138063854062749,GTM,7.94414266128193,1946,0.667,48.8933539302086,8.14,0.9234375,Latin America and Caribbean,F,T,0.300976175356551,-1.2495903882136,-0.557577992858982,0.0404867323117358,-0.668423734578945,-0.874727971928948,-1.00424610879416,-0.250078447379599,-0.823824551050878,0.333094104668795,-0.156457265377139,-0.0456498971153865,-0.520492257400636,-0.0667481415023506,-0.48636695853879,-0.520362597589411,-0.819605582265491,0.263919993549183,0.0463111767616605
Hungary,0.122368738726972,HUN,9.48626689053039,1918,0.672,73.7360705323827,4.12,0.990396158463385,Europe,F,T,0.627662134520464,0.670382335547824,0.520753536430004,1.51221496652093,-0.577687481016192,0.285302474302938,0.330822464782449,0.674378920132416,0.441966769130366,0.596243080414791,0.400880217374284,0.0727903449749555,0.158667631332906,0.0557629723687475,-0.716233749733374,-0.10397919822693,0.233820565545147,1.27934876360627,0.397563932974634
India,-0.0090443168394532,IND,7.08342932975559,1950,0.664,34.5182245636056,8.5,0.792626728110599,South Asia,F,T,0.462817943382523,-1.76902529513585,-1.15943243847427,-0.169760158289577,-0.722865486716597,-1.54597451878696,-1.12380448851744,-2.05610300937433,-1.16627535175456,0.261901028834093,-0.750743576522279,0.121784656402884,-0.53552359074695,0.139250184691105,-0.361868966707138,-0.127170731953363,-1.43135255113302,0.308349752542723,-1.43978789461426
Indonesia,-0.0975522187441026,IDN,7.949606100172,1945,0.681,58.8473652189325,7.47,0.93019943019943,East Asia and Pacific,F,T,0.351793864108958,-0.740733747784749,-0.553757679098413,0.0930484549620641,-0.414362224603237,-0.409925497144647,-0.781734679864725,-0.156720600389823,-0.488347744167103,0.402837336993505,-0.411995073619165,-0.0427709581623057,-0.187093768797528,-0.0267251345039191,-0.23344128127343,-0.301105887192591,-0.355180785270564,0.314865138111518,0.137638274019384
Iran,-0.28486954616556,IRN,8.71899979801416,1963,0.58,23.2680603526398,8.29,0.85678704856787,Middle East and North Africa,T,F,0.116823501447366,-3.12140187918934,-0.0157585561459323,-0.853062552743845,-2.24723454657085,-2.07130084355317,-1.05406210034553,-1.17028058834882,-2.0578643418094,0.0765460451344554,1.57848390038362,-0.0540250217520837,-2.04929140844118,-0.282853984800399,-2.2262682667285,-1.03178197371169,-2.06974294621229,-0.858901933476141,-1.16190387227874
Israel,0.0612800044505368,ISR,10.284498722553,1948,0.712,80.9202165638598,1.43,0.971491228070175,Middle East and North Africa,F,T,0.551032586976389,1.02596505099978,1.07891774643763,-0.0646367129889208,0.14820254748583,0.62076611381328,1.22418924660361,0.413370073996983,0.67639380512689,0.644978787024647,1.01672761178129,-0.0145956512418346,0.0894434611780607,-0.0767164532050625,-0.156293747120897,0.313859259898594,0.51410386172365,-0.533691901403514,-0.160146150533888
Italy,-0.0385927805789447,ITA,10.5134215660861,1945,0.726,63.24486743155,1.25,0.973124300111982,Europe,T,F,0.425752428213498,0.839470996207153,1.23899221727099,0.0930484549620641,0.402264057461538,-0.204584167703971,1.28396843646525,0.435916903867411,0.553442810615134,0.619418153327074,1.34130643583296,-0.100676193858838,-0.120590877752943,-0.19706319003396,0.0501753839405705,0.237262911133681,-0.327071447806641,-0.443742762013109,-0.222689501503703
Japan,0.15467019427258,JPN,10.700332166688,1947,0.67,66.5140586435607,1.56,0.964835164835165,East Asia and Pacific,T,F,0.668180995367607,0.266141858128789,1.36968959557856,-0.0120749903385925,-0.613981982441294,-0.0519293111028937,1.1810153872591,0.321473867629645,0.175460854098149,0.540838403946528,1.82228732689919,0.134987566708386,-0.569674520570045,-0.0205167584878623,-1.00492881441269,0.0229621543825277,-0.187337387770941,-0.60417122443327,-0.406606848652132
Jordan,-0.0871499288667769,JOR,8.17318158968626,1974,0.593,20.772064401191,7.58,0.853246753246753,Middle East and North Africa,F,T,0.364842469161319,-3.17547512950884,-0.397422349591962,-1.43124150189746,-2.01132028730769,-2.18785135385842,-0.818266407002394,-1.2191592870546,-2.0935135206031,0.0691348354538534,1.06040078412012,0.147693604401252,-1.87730873061225,-0.0363185502765775,-1.87688002388155,-0.470827589326314,-2.14856201694818,-1.27557861759767,-1.00790299227704
Kazakhstan,-0.117393721114077,KAZ,9.01546392675182,1924,0.719,86.0019733493472,3.22,1.00900900900901,Ex Soviet,F,T,0.326904735741597,1.44660635469428,0.191544209258904,1.19684463061896,0.275233302473684,0.858058704873753,0.629718414090645,0.93135519791598,0.953712386030014,0.702631339508212,-0.468061280826029,-0.224378072661159,0.849508947095831,-0.141892736399947,0.234565570910249,0.475386829040052,0.839122565578853,1.10328441617067,0.829536767282475
Kenya,-0.170972463923375,KEN,6.80663994139168,1963,0.719,87.8117959433222,9.25,0.924786324786325,Sub-Saharan Africa,F,T,0.259695701734149,-0.36233243370998,-1.35297762684788,-0.853062552743845,0.275233302473684,0.942568355928003,-1.37288444627427,-0.231456046037989,-0.238876961080844,0.454700531187554,-1.74904971831706,-0.144176023869626,0.497166806903782,0.00207698345920192,0.693773513829745,-0.211359753787581,1.07632428049497,-0.2930533712834,0.487741152253152
Lithuania,0.152970295926579,LTU,9.36720863436723,1918,0.74,82.2567539644759,2.01,1.03506650544135,Ex Soviet,F,T,0.666048647355034,1.89754429915309,0.437501961097795,1.51221496652093,0.656325567437246,0.683175716678797,1.031567412605,1.291115161879,1.25100480532965,0.764436310350124,-0.347610333637414,0.0126366483395971,1.01299599752895,0.097012628117132,0.542531156388503,0.667691977671414,0.639924092893389,1.31457693618781,1.05855389964921
Malawi,-0.131911158559624,MWI,6.06391954788452,1961,0.701,90.7490267724279,10.14,0.911827956989247,Sub-Saharan Africa,F,T,0.30869410040714,-0.574447737553698,-1.87232542164585,-0.747939107443189,-0.051417210352227,1.07972232519541,-1.66845932947904,-0.41036432848946,-0.378719421945069,0.425628282266656,-2.38297255581246,-0.0894276463723306,0.639858735516625,0.107564257076788,0.521532363781182,-0.0644759808346452,1.26482118632435,0.0318337682413707,0.584900612198557
Mexico,-0.145168809813714,MEX,9.14391571211559,1953,0.699,52.4849027236705,5.45,0.957142857142857,Latin America and Caribbean,F,T,0.292063737556589,-0.554866869765748,0.281364216962645,-0.327445326240562,-0.0877117117773283,-0.707020630728646,-0.110879326972996,0.215270865919092,-0.365810232048325,0.428312010654486,0.686980247466739,-0.104133408535256,-0.518877344408278,-0.181156043669201,-0.155084187816642,-0.341733119882645,-0.734836412921275,-0.459013166611078,0.0657071536126611
Moldova,-0.122055580133959,MDA,7.71549766835688,1978,0.742,88.2942547268018,3.52,1.00691562932227,Ex Soviet,F,T,0.321056912053006,0.496311549190013,-0.717458176445292,-1.64148839249877,0.692620068862348,0.965096764831535,0.530086430987914,0.902453181077252,0.327206133345303,0.572385163804591,-1.28060513048373,-0.158760499259412,0.717516075714767,-0.030290765631281,0.922211459500975,1.15017995768597,1.03602497519089,-1.35040131597589,1.2838297095219
Morocco,0.0465679596778263,MAR,7.87263480044974,1963,0.593,33.9643065399226,8.14,0.82069970845481,Middle East and North Africa,F,T,0.532577836722775,-2.71270594413713,-0.607579918426898,-0.853062552743845,-2.01132028730769,-1.57183971632065,-1.00424610879416,-1.66851648803717,-1.78842105192298,0.132561380857478,0.522491789264104,0.24718721275221,-1.45788682605215,0.124279051892618,-1.8143972394899,-0.477763427989231,-1.51177411573356,-0.608470815450099,-1.34554752949747
Netherlands,0.314584621183376,NLD,10.8220941128038,1919,0.776,79.5209213774276,0.44,0.96712619300106,Europe,T,F,0.868777231729169,2.42757369529271,1.45483172814739,1.4596532438706,1.30962659308907,0.555426036658232,1.55297479084263,0.353104696498445,1.60044029510059,0.837081453160361,0.83541403025712,0.135052437613971,0.808986093848244,0.128507762560754,0.89336581434223,0.322384668551793,0.411600773751948,0.831528841802814,-0.420234701068914
Nicaragua,-0.199741151083946,NIC,7.29807137022244,1955,0.776,55.1009877693866,7.42,0.974921630094044,Latin America and Caribbean,F,T,0.22360833625403,-0.0975245587139518,-1.00934382994554,-0.432568771541219,1.30962659308907,-0.584862561159998,-0.765129349347603,0.460731542958125,-0.0642955696176682,0.490994755689952,-1.39344276367635,-0.192528683338267,0.484805332749787,-0.0706433829279263,1.6259996707056,0.103636329794419,-0.485078415065236,-0.0179693394316793,0.997264623923033
Pakistan,-0.253293468334526,PAK,6.86941729765193,1947,0.559,24.4373580721838,9.06,0.727272727272727,South Asia,F,T,0.156432450397909,-3.07869627895458,-1.30908051318032,-0.0120749903385925,-2.62832681153441,-2.01670049621186,-1.30978419030921,-2.9584058475352,-2.02970957823838,0.0823992194120464,-0.293003030490523,-0.0256072536669729,-1.31754661678476,-0.0858585788804199,-2.22283782599863,-0.185657669369793,-1.88728425835361,0.529358985908719,-2.26254287187738
Peru,-0.0481268302959629,PER,8.40736001602751,1955,0.683,81.062102479532,6.25,0.954606141522029,Latin America and Caribbean,F,T,0.413792941333777,-0.209147406500338,-0.233672908519947,-0.432568771541219,-0.378067723178136,0.627391475471871,-0.376564615246948,0.180247980174759,-0.137885798329415,0.475695872689524,-0.226900856017162,-0.0326592501974908,-0.0107636015909129,-0.0182394420012542,-0.292312458714803,-0.168632229231919,0.650492475300046,-0.346196991309985,0.30446060408608
Philippines,-0.147103644334297,PHL,7.62901056403653,1937,0.79,62.872108196352,7.16,1.00587371512482,East Asia and Pacific,F,T,0.289636686224767,0.664175077642078,-0.777934349309132,0.513542236164691,1.56368810306478,-0.221990157107962,-0.678781630658569,0.888068107089003,0.43787447496286,0.595392321682715,-1.45319230070292,-0.196222977845234,0.861084525408535,-0.0476037660092538,1.81125990569062,-0.00716539327815298,-0.145083247430034,0.830220000265752,1.30159172593926
Poland,0.124591581702042,POL,9.33943401027034,1918,0.715,75.2612186543616,2.17,1.00836320191159,Ex Soviet,F,T,0.630450462899808,1.45618517268261,0.418080534269932,1.51221496652093,0.202644299623481,0.356519253242245,0.978430354950208,0.922438933120625,0.960027467758607,0.703944199900076,-0.149004336377281,0.0168988248394831,0.732584259786281,0.0711179661882518,0.0946241503907221,0.631101015910348,0.315187639699595,1.32279517558258,0.700201445271312
Portugal,0.0643682911757423,PRT,10.0054394492667,1976,0.731,80.8225305914958,1.31,0.989298454221165,Europe,T,F,0.554906525718809,0.618395169445666,0.883785339321651,-1.53636494719811,0.493000311024291,0.616204668141834,1.26404203984471,0.659223587015572,0.40769289492448,0.589117786736181,0.946717880011115,0.0186346290856337,-0.0731019669679524,-0.0486702111169713,0.246519610094457,0.519955220993981,0.528833286062807,-1.92284922825508,0.189433157877619
Romania,-0.0939968650123315,ROU,8.94988350962712,1946,0.693,74.6844492932651,5.39,0.983930778739184,Ex Soviet,F,T,0.356253690475501,0.0777309455826059,0.145687053169767,0.0404867323117358,-0.196595216052632,0.329587012697055,-0.0909529303524496,0.585115364724284,0.0512461218903071,0.515015048206992,0.168477839382027,-0.0997454881822152,-0.0280102127554303,-0.112630627715829,-0.223628973771507,-0.206216484573515,0.315184330710688,-0.0336688786517548,0.507673049058581
Russia,0.210788004626217,RUS,9.20980936584525,1918,0.694,80.521562287661,4.31,1.01901140684411,Ex Soviet,F,T,0.738575029022062,1.01906832001061,0.327440403983823,1.51221496652093,-0.178447965340081,0.602150955683971,0.267722208817386,1.06945220558674,0.671846958124494,0.644033530004411,-0.0544242940094464,0.13542239943257,0.493713584773629,0.168907503547909,-0.259519536183327,-0.00238621845186962,0.569780062694798,1.36114983902036,0.895395948868641
Rwanda,-0.109197378024374,RWA,6.29606341020118,1961,0.794,98.6509726978054,6.23,0.937142857142857,Sub-Saharan Africa,F,T,0.337186206947692,1.18389568129473,-1.70999865100107,-0.747939107443189,1.63627710591498,1.44870362481357,-0.3699224830401,-0.0608569385283436,0.780513628572334,0.666624554741397,-3.05271301364378,-0.196752856646252,1.71078315066618,0.109516010658997,2.16096466090048,1.09576647884205,1.61775479464392,-0.0368553282478998,0.848120574829953
Serbia,0.00117421735165637,SRB,8.57970094547058,1945,0.72,71.7327201888246,3.05,0.968314321926489,Ex Soviet,F,T,0.475636045785579,0.684417292145597,-0.113163383748386,0.0930484549620641,0.293380553186234,0.191756046582825,0.68617653784886,0.369508468077402,0.451219674664241,0.59816669339514,-0.512884496227436,-0.049442137228979,0.512782557685527,0.015648115983095,0.343306650538505,0.791440764070563,0.202943425235683,0.128426241152573,0.429662299837796
South Africa,-0.160223603240321,ZAF,8.86385418159955,1994,0.759,74.1108488287605,6.34,0.976539589442815,Sub-Saharan Africa,F,T,0.273179044293342,-0.489794341223775,0.0855309807235948,-2.48247595490402,1.00112333097571,0.302802743752017,-0.406454210177768,0.483069721091197,-0.322909496641361,0.437230767167586,0.373541907542886,-0.124000666836638,-0.369439863501813,-0.171163243818703,0.991974814913081,-0.47046776345368,0.294347115825296,-2.53117632981336,0.43760434126314
South Korea,-0.0265739859986533,KOR,9.95737590307406,1948,0.651,68.3026729839422,1.07,0.929577464788732,East Asia and Pacific,T,F,0.440828772512028,0.179181438775298,0.850176868430704,-0.0646367129889208,-0.958779745979755,0.0315900207252508,1.34374762632689,-0.165307697554737,0.118129964625238,0.528919721456871,1.1239345450896,-0.0398254209688111,-0.344381294449307,-0.135313875217771,-1.19526817847951,0.62829356381955,-0.0524588141008893,-0.436899461203733,-0.617232998974406
Spain,0.0298560669193823,ESP,10.3356817805906,1931,0.742,72.4187371871484,1.21,0.980834272829763,Europe,T,F,0.511614482417714,1.53038497459615,1.11470753833673,0.82891257206666,0.692620068862348,0.223789604644608,1.29725270087895,0.542363795812938,1.00894559251057,0.714113928684479,0.809185090398363,-0.0833241659706962,0.402524968520107,-0.112718000585173,0.377482968582762,0.356431580127626,0.113589159010215,0.344712817790732,-0.0501770729917783
Sri Lanka,-0.160962136224685,LKA,7.82489428939383,1931,0.686,46.8259833414652,6.26,0.931210191082802,South Asia,F,T,0.272252630460932,-0.470467616664738,-0.640962506755109,0.82891257206666,-0.323625971040484,-0.971263824468393,-0.379885681350373,-0.142765641212478,-0.310167857194299,0.439879663013498,-0.675330991219332,-0.126168515465695,0.0385270873836308,-0.0789813219185857,-0.116777812837613,0.175037315017102,-0.907898007471457,1.08763025926768,0.197948373506236
Suriname,-0.0421155655689569,SUR,8.93962955677749,1948,0.678,58.4393445842597,7.28,0.97687074829932,Latin America and Caribbean,F,T,0.421333455990925,-0.814584968419418,0.138516968913335,-0.0646367129889208,-0.468803976740889,-0.42897801730542,-0.718634423899662,0.487641829489692,-0.537036057759921,0.39271538430788,0.615907933249498,0.0181273915724616,-0.612391739705904,-0.0598322553706998,-0.493705968132488,-0.827789420663827,-0.442671861813686,-0.135758279676351,0.414010888385112
Sweden,0.392188442101355,SWE,10.8520837820769,1921,0.823,88.0535346124517,0.48,1,Europe,T,F,0.966123260503088,3.04710200706353,1.47580202698371,1.35452979856994,2.16254737657894,0.953856341083267,1.53969052642893,0.80697330402074,2.00888024320034,0.921993201473508,0.547637065160322,0.166838794447971,1.20601782834196,0.20342942632176,1.74005183470612,0.29123474583496,0.807957945810535,0.717531746922019,0.0224868040393127
Switzerland,0.306036140037676,CHE,11.1957573605179,1971,0.785,80.1296148105093,0.4,0.96760710553814,Europe,T,F,0.858054039472152,1.39821405340628,1.71611603566585,-1.27355633394647,1.47295184950202,0.583848971480682,1.56625905525633,0.359744362648197,0.921808518763634,0.695998753346788,1.73705338938324,0.202630660487367,-0.0117889688261218,0.0865403215382744,0.979007591915456,0.113067615047711,0.41419303448676,-2.01224403336182,-0.552484945732042
Tanzania,-0.378000721617902,TZA,6.5377094705006,1959,0.718,95.1807059275699,9.04,0.9453125,Sub-Saharan Africa,F,T,0,-0.0743197564662759,-1.54102746125695,-0.642815662142532,0.257086051761133,1.28665954668455,-1.30314205810236,0.051936338734784,-0.0489972078711081,0.494175175842954,-2.16570680212432,-0.372504374303458,0.78934899730149,-0.180899198813583,0.731536108874383,0.0185918002972918,1.43900615521179,-0.00323258680612072,0.871094476041011
Thailand,-0.184534117733708,THA,8.45371423132472,1932,0.706,79.8507030786757,6.06,1,East Asia and Pacific,F,T,0.242683998876916,0.52597728860105,-0.201259688545578,0.776350849416332,0.039319043210526,0.570825190469957,-0.313464359281885,0.80697330402074,0.346764033824058,0.576451111640282,-0.557604631075273,-0.223432978482434,0.456252865391526,-0.158792466732174,0.115437404057562,-0.13314643489595,0.590721806042374,0.849006871085354,0.913956155221428
Turkey,-0.116233852768403,TUR,9.23887703165831,1934,0.624,36.4260000497642,5.28,0.91375,Europe,F,T,0.328359671542648,-1.23758959827854,0.347765991206025,0.671227404115675,-1.44875551521862,-1.45689095824249,-0.0544212032147814,-0.383827852658825,-0.815912722123767,0.334738917399971,1.13212169522217,-0.0247074190405328,-1.00510357455533,-0.160714050668544,-1.5358701674083,-0.341846026352147,-1.49127124714282,0.51156143883363,-0.568688504877455
Uganda,-0.0620424213354971,UGA,6.61112540747215,1962,0.708,85.7961082980668,8.42,0.867158671586716,Sub-Saharan Africa,F,T,0.396337260547488,-0.360407273203447,-1.48969131201086,-0.800500830093517,0.0756135446356272,0.848445838007191,-1.09723595969004,-1.0270859137113,-0.237607749581656,0.45496439119409,-1.94555169988533,-0.0353883572969969,0.572810682082266,0.128493071047105,0.534800646611818,0.180762036469979,0.995717333709314,-0.18264081186559,-0.235216339036273
Ukraine,0.123462111001116,UKR,7.98643642485663,1919,0.702,77.1718943680056,4.44,1.00394218134034,Ex Soviet,F,T,0.629033657824348,0.97530068662264,-0.528004046811128,1.4596532438706,-0.0332699596396764,0.44573823988515,0.224548349472868,0.86140059793285,0.642992021925801,0.638034794837848,-1.2553480695737,0.0513333586400094,0.930235565657872,0.190995236976969,0.139994068631448,0.683236320123326,0.497936937080802,1.67057219446427,1.14206971146258
United Kingdom,0.340621627877797,GBR,10.5936711459176,1928,0.758,79.8155927356744,2.11,0.964052287581699,Europe,T,F,0.90143798441995,1.78240169299385,1.295106796436,0.986597740017645,0.982976080263157,0.569185713293956,0.998356751570754,0.310665158772082,1.17509408552844,0.748655013824114,0.937910783850095,0.208803397781838,0.470533073228394,0.174974014068535,0.614203757561087,-0.0961556221520107,0.441150922819374,0.426061457903739,-0.377769861143669
United States,0.419194828066098,USA,10.7891852208812,1920,0.74,81.3127707443516,3.23,0.994594594594595,North America,T,F,1,1.62946914682863,1.43182016067374,1.40709152122027,0.656325567437246,0.639096428024015,0.626397347987221,0.732344167683594,1.07426937738888,0.727694277047207,1.21186656931707,0.298686785588793,0.295333875998553,0.236061210304005,0.246906449530609,-0.584588055996431,0.497546098141083,0.788704538139435,-0.0287630580230296
Venezuela,-0.0595093577197727,VEN,9.49812822025194,1946,0.691,62.5098043017242,7.41,1.02230971128609,Latin America and Caribbean,F,T,0.399514728882237,-0.566184943878853,0.52904758017528,0.0404867323117358,-0.232889717477733,-0.238907934470514,-0.761808283244179,1.11498988378494,-0.373271963038685,0.42676077006996,1.04699798879443,-0.0176369237434952,-0.661083207384666,-0.127175954396404,-0.373901921397458,-1.20367606165138,-0.291209795803672,-0.195889121961365,0.833766063172903
Vietnam,-0.113282973615116,VNM,7.06398624830281,1946,0.687,88.6279191437097,5.37,0.998518518518518,East Asia and Pacific,F,T,0.33206124658839,0.353604478440824,-1.17302802783044,0.0404867323117358,-0.305478720327933,0.980677222018874,-0.084310798145601,0.786519392580188,0.233122832448753,0.552825917449367,-1.85891966072476,-0.139433934246096,0.871270834620384,0.0367504400587326,0.0595599585394176,0.923905728686218,1.0966432552274,0.524349660624796,1.4100614633372
Zimbabwe,0.0473357676540468,ZWE,6.8769835499244,1978,0.709,87.2808209186145,9,0.938888888888889,Sub-Saharan Africa,F,T,0.533540973027945,-0.761744797381077,-1.30378980557763,-1.64148839249877,0.0937607953481778,0.917774481541664,-1.28985779368866,-0.0367505429019791,-0.502199818145958,0.399957589738664,-1.47384069828007,0.103670908812334,0.207084904760401,0.214093961493429,0.497676779520026,-0.170238694171758,1.04666767787065,-1.10229319623564,0.656300071332169
