country,avgGenderDiff,isocode,logAvgGDPpc,Date,ScoreWEF,avgRatioLabor,ValueUN,GDI,region,telephone,personal,avgGenderDiffRescaled,GenderIndex,avgGenderDiffStd,logAvgGDPpcStd,DateStd,ScoreWEFStd,avgRatioLaborStd,ValueUNStd,GDIStd,GenderIndexStd,GenderIndexRescaled,residualsavgGenderDiffStd_GDP,residualslogAvgGDPpcStd_GEI,residualsavgGenderDiffStd_GEI,residualsGenderIndexStd,residualslogAvgGDPpcStd_WEF,residualsavgGenderDiffStd_WEF,residualsScoreWEFStd,residualslogAvgGDPpcStd_GDI,residualsavgGenderDiffStd_GDI,residualsGDIStd,residualslogAvgGDPpcStd_UN,residualsavgGenderDiffStd_UN,residualsValueUNStd,residualsavgRatioLaborStd,residualsDateStd
Afghanistan,-0.151049353563516,AFG,6.07601480077745,1963,,19.5501624303745,11.07,0.618374558303887,South Asia,F,T,0.284687198949301,-3.65162029935192,-0.795134528913492,-1.86386780694672,-0.853062552743845,,-2.24490805627775,-1.97731847709751,-4.46189646282078,-2.40742445052134,0.00387499493635872,0.460588090490728,-0.528341175947241,0.682331638829132,-1.54442720950194,,,,0.488512353773053,0.964108973046995,-3.79236964166332,-0.167742787243799,0.514342878750965,-0.30848534962125,-2.34465989431159,-0.0423993547245414
Algeria,0.175908969646389,DZA,8.37734266346542,1962,0.632,19.5617557971058,7.09,0.836173001310616,Middle East and North Africa,F,T,0.694822859314575,-2.47294991498973,0.925997314199851,-0.254662564916993,-0.800500830093517,-1.30357750951822,-2.24436670411413,-0.655534167934598,-1.45488616884488,-1.63035573312963,0.16542203180228,1.08711939490679,0.644954896242635,1.93137588813893,-1.5940825574592,0.074517042748289,1.37342938926368,-1.27297616846417,0.498515911880391,1.51557208749446,-1.45540993745157,0.283891498268681,1.36654621221018,-0.405780979890155,-2.38609482926226,-0.739968901422368
Argentina,0.1836310602049,ARG,9.15503477940437,1947,0.734,65.6493715940859,6.02,0.992797118847539,Latin America and Caribbean,F,T,0.704509429393362,0.143549225636374,0.966646947538977,0.28913923314251,-0.0120749903385925,0.547442063161943,-0.0923058657251586,-0.300180094868187,0.707527516104496,0.09463851313121,0.524036016456781,0.757868579531442,0.221093483781923,0.924050786662252,-0.148464752123183,0.0144449531344483,0.696653344022786,0.425946414035107,-0.107706822146257,0.715084704844142,0.480572273135358,0.516487034148923,1.17358943717495,-0.529979298586917,-0.248219117675271,-0.205036352888432
Australia,0.349827379362559,AUS,10.831083350524,1962,0.733,80.1646064755815,2,0.97571277719113,East Asia and Pacific,T,F,0.912985654860925,0.815361957678347,1.84151617950172,1.46111745939663,-0.800500830093517,0.529294812449392,0.585482906991767,1.03488847870842,0.471654428503793,0.537548307880797,0.616113799720087,0.835544287452993,1.14461435147542,1.52984186041887,-0.3076550365948,1.19234351162066,1.57855616106965,0.0800062773724586,1.18971448610818,1.68170399667636,-0.243296180862367,0.51926042492582,1.17079720963779,-0.228421396545502,0.398998480382245,-1.53978002180946
Austria,0.328612611482283,AUT,10.7415607995392,1918,0.733,78.1743806741309,1.18,0.961915125136017,Europe,T,F,0.886373905850678,1.86804012321796,1.72984013411302,1.39851874816543,1.51221496652093,0.529294812449392,0.492549329656794,1.30721589918922,0.281158660078398,1.23155341972109,0.760392506195267,0.766448629727583,0.692702333201882,0.996541322880032,0.418509963669288,1.12974480038946,1.46688011568095,0.0975146335445818,1.22842608773367,1.64412711340784,-0.407726720140216,0.218167195015191,0.880095692410806,0.0991087867789167,0.307697796979627,0.802116173606186
Bangladesh,-0.252304448344944,BGD,6.55805694315242,1972,0.704,34.2449260804688,8.4,0.844771241830065,South Asia,F,T,0.157673074470602,-1.84402722140426,-1.32814854181536,-1.5267994756734,-1.3261180565968,0.00302454178542476,-1.55873618919622,-1.09059382748319,-1.33617550500756,-1.21572229758484,0.251621361924115,-0.301703809005766,-0.85977729551138,-0.574669570209857,-0.525892837686505,-1.62388378871871,-1.38713459280801,0.389432347464066,-0.836754235861774,-0.784749916147464,-0.806999229735493,-0.60723587654863,-0.601595536356059,0.280995110976874,-1.6672804899198,-0.672579312681438
Bolivia,0.164057423342993,BOL,7.51692562881957,1952,0.749,75.0511702227959,7.26,0.924393723252497,Latin America and Caribbean,F,T,0.679956310814532,0.201809431844,0.863609932430062,-0.856309824715329,-0.274883603590234,0.819650823850202,0.34671104346787,-0.711992291692813,-0.236876456015927,0.133048050108959,0.532021084890593,1.43397963269505,-0.945902020359461,0.7976790709212,0.478415588347563,-1.21980908820476,0.488112552652102,1.01852806559534,-0.750898729257514,0.97940253239409,0.0131172921792644,-0.268311775949773,1.34127386728491,0.0683243911094781,0.220676950043725,0.066106287126273
Bosnia Herzegovina,-0.0877961757246287,BIH,8.367686754699,1949,,57.114986840709,2.38,0.918287937743191,Ex Soviet,"","",0.364031818803188,0.242659680299426,-0.46216530675753,-0.261414466397613,-0.117198435639249,,-0.490818891185025,0.908687966778295,-0.321175313371506,0.15997962537677,0.537619967055416,-0.296450502384965,-0.366114361470023,-0.54445773614445,0.199721568917885,,,,-0.111171175018871,-0.313582084989307,-0.318887684493924,-1.09274965074868,-1.04992125308664,1.16439532878012,-0.63237089227656,-0.053519107061682
Botswana,0.0659597919621367,BWA,8.73160425672903,1965,0.71,78.9223233143459,7.15,0.981348637015782,Sub-Saharan Africa,"","",0.55690290011782,-0.360031342707121,0.347217031200281,-0.00694487889212542,-0.958185998044502,0.111908046060728,0.527474505054418,-0.675460564555145,0.549465308481526,-0.237359907748618,0.455015915741202,0.339838596568573,0.111249214884501,0.506317750087057,-0.328350903919319,-0.139551185329989,0.24602946970292,0.0732247422434219,-0.31972958291065,0.157137924034068,0.445795354863276,0.549060002733507,0.800865353979262,-0.644157571488294,0.379284638146892,-1.01312770654809
Brazil,-0.146768819786068,BRA,9.24850504607934,1932,0.686,69.8535767861713,6.54,0.994550408719346,Latin America and Caribbean,F,T,0.290056689257099,0.00985133411392122,-0.772601494985624,0.354498387544617,0.776350849416332,-0.323625971040484,0.104009460940785,-0.472875532246256,0.731734120247597,0.00649474498219804,0.505711556542264,-1.02583793692232,0.335898299732935,-0.761648235479147,-0.270186577578873,0.363980054676951,-0.704983014464157,-0.463402050097491,-0.0552213323888118,-1.0335796375695,0.477564238144934,0.733086615030671,-0.452130657354638,-0.760311799558732,-0.0536086913906295,0.552922307059562
Cambodia,-0.319828517390492,KHM,6.56080194725664,1955,0.662,88.7073261659071,7.59,0.906735751295337,East Asia and Pacific,F,T,0.0729710599243416,-0.457159974288052,-1.68360003872148,-1.52488002948517,-0.432568771541219,-0.759159988141698,0.984385132263501,-0.821587473105818,-0.480669307392169,-0.301394452237022,0.441703591248353,-0.658460936030887,-1.37076473015196,-1.4855968220874,0.387448898298434,-1.37331038878263,-1.44717551618119,-0.373289036127547,-1.28981392778072,-1.47297674426388,0.0477077372927357,-0.840902479299838,-1.13388926763903,0.548308798993616,0.875790762585268,0.220075222240339
Cameroon,-0.139979100706622,CMR,7.14745441142489,1946,0.682,89.6817830538718,9.28,0.865486725663717,Sub-Saharan Africa,F,T,0.298573695005736,-0.31752956352818,-0.736859931355428,-1.11466285187426,0.0404867323117358,-0.396214973890686,1.029887388586,-1.38284764458454,-1.05016945155493,-0.209339518442478,0.460841154568767,0.00924456973927945,-1.01218724523739,-0.59478226058385,0.26875606425529,-1.08149985581355,-0.64110711049749,-0.125078467878288,-0.576722632524228,-0.30471211769934,-0.692601110825574,0.0608460843699044,0.181817970710814,-0.374701976046233,0.910592460907545,0.501907926096968
Canada,0.397493749209187,CAN,10.7426526485155,1960,0.74,85.3499754231012,1.38,0.987925356750823,North America,T,F,0.97277822378021,1.15476362490604,2.09243533697483,1.39928222438485,-0.69537738479286,0.656325567437246,0.827613667101225,1.24079457712074,0.640266067526679,0.761307572330241,0.662631752809794,1.12852450698739,0.957257765485151,1.64482198138082,-0.0521281171964679,1.08906595098424,1.78024022295393,0.224331850373013,1.03820745396471,1.86703649425366,-0.0489372135275352,0.277100066034473,1.28635564450146,0.0320141921166568,0.642742219066989,-1.40583207226389
Chile,-0.0216281560897082,CHL,9.40267181395829,1948,0.698,59.3502097530794,5.22,0.962918660287081,Latin America and Caribbean,F,T,0.447032808536696,-0.253623065527479,-0.113852150293554,0.462299616148269,-0.0646367129889208,-0.105858962489879,-0.386445175782343,-0.0344948065942348,0.295013857975855,-0.167207518611777,0.469600096445531,-0.440416269657491,0.541140601214553,0.00262933576868524,-0.499271378858602,0.400737296495505,-0.130636690781501,-0.275786178352473,0.284838422308731,-0.204954574467893,-0.00404295024200629,0.456969837955236,-0.081568657572984,-0.416995741210796,-0.546875334441447,-0.338316814523904
China,0.0654533764899474,CHN,8.20964305246326,1948,0.682,82.7699821161845,2.44,0.95225102319236,East Asia and Pacific,T,T,0.556267653881949,0.605096375442347,0.344551224174868,-0.371926644271519,-0.0646367129889208,-0.396214973890686,0.70714090097725,0.888761570157749,0.147732297495484,0.398925323484558,0.587295071247925,0.585437725900848,-0.610666964042258,0.117093641250374,0.495442546260562,-0.338763648210818,0.440304045032806,-0.332815812767273,-0.471059898894227,0.310738472719017,0.196035653905206,-1.18581101018263,-0.230105297385588,1.24192425394685,0.568471621608774,0.0505578841832353
Colombia,0.00565330717564531,COL,8.69234737053681,1954,0.725,66.2880351798527,6.33,0.986559139784946,Latin America and Caribbean,F,T,0.481254604275731,-0.135315310103183,0.0297594106287904,-0.0343952861420073,-0.380007048890891,0.384116806748987,-0.0624834748709989,-0.403133144074344,0.621403542967356,-0.08921009288126,0.485815204231916,0.0410530693872828,0.000691791015130151,0.0988556189004314,-0.16609852979825,-0.255806576061245,-0.17693192713034,0.35311116110943,-0.385438504259608,-0.188302275593464,0.529163555575074,0.283115076804192,0.304382261569483,-0.347622970195425,-0.209957295033195,-0.422152745862407
Costa Rica,-0.0859155582804812,CRI,8.94050293024014,1948,0.732,57.4870787107296,5.08,0.979746835443038,Latin America and Caribbean,F,T,0.366390860376981,0.062779100608942,-0.452265602917421,0.139127675965177,-0.0646367129889208,0.511147561736842,-0.473444064392471,0.0120001188537067,0.527350210909413,0.0413887341502972,0.512965767692931,-0.559004326131099,0.100953244842233,-0.46251126574032,-0.124646571617121,-0.123725939578702,-0.708192036265376,0.431608938902374,-0.16189567780181,-0.633742365717432,0.362857685394096,0.0930793214122396,-0.450547434657046,-0.0855111790632907,-0.625444249177457,-0.187670165249087
Croatia,-0.0115199564795671,HRV,9.53902869373319,1945,0.708,75.3233619179456,2.21,0.984412470023981,Ex Soviet,F,T,0.459712507531689,0.789694389876094,-0.0606418693783606,0.557647267075461,0.0930484549620641,0.0756135446356272,0.35942103242123,0.96514609053651,0.591765782568902,0.520626304702229,0.612595836108698,-0.452062594563928,0.250636828454282,-0.362035671971339,0.139577892617518,0.436881625101781,-0.147762260707487,-0.120981642496264,0.222366135450164,-0.267175041183749,0.253007544062505,-0.323131902855493,-0.685512852551995,0.498562693864295,0.196503720311182,-0.225077968615199
Czech Republic,0.233240917475132,CZE,9.8534106179569,1920,0.687,73.3995667203869,2.09,0.980703745743473,Ex Soviet,F,T,0.766739903823252,1.1031774277699,1.22779676089084,0.777479064474932,1.40709152122027,-0.305478720327933,0.269589431585457,1.0049988837776,0.54056168792503,0.727298047211493,0.655561415418537,0.686843833366224,0.354532794581374,0.800844994832451,0.23331174970837,0.781040399375175,1.28838165632819,-0.563559093514421,0.469429523822984,1.04118098956944,0.11026855899618,-0.138201742335939,0.576726928179897,0.344556502812404,0.100937784038588,0.98649047171005
Egypt,0.0488685881519038,EGY,7.7788079739548,1956,0.599,28.8779972871157,9.25,0.865734265734266,Middle East and North Africa,F,T,0.53546373902741,-2.80440184679923,0.257247720047291,-0.673188397551782,-0.485130494191547,-1.90243678303239,-1.80934488480495,-1.37288444627427,-1.04675181674526,-1.84887393036726,0.119993659156534,0.703056048285299,0.349010353808904,1.39538125841534,-1.59758444181621,-0.148637826227478,0.936788102887014,-1.7547771319767,-0.137065760054936,0.688066139995987,-0.873007273477228,0.493595129472398,1.16937590972921,-0.754053655377314,-1.9401557198172,-0.2295026847157
Estonia,0.325430969450806,EST,9.63521000605059,1918,0.749,80.701659782635,2.11,1.02344665885111,Ex Soviet,F,T,0.882382862457701,1.93333686601007,1.71309174441001,0.624902122185792,1.51221496652093,0.819650823850202,0.61056060672196,0.998356751570754,1.13068702553004,1.27460197412994,0.769341993223202,1.27592346713412,-0.105063070350681,0.953639919919955,0.859001594540369,0.261402858696356,1.33759436463205,0.60424499454347,0.00300948112483346,1.29692865335618,0.763924804589224,-0.284961745145092,1.06638838662195,0.472464564929595,0.445888944679283,1.16273768196206
Finland,0.289082147657673,FIN,10.7444796249982,1906,0.85,87.4429881470172,0.56,1.00548245614035,Europe,T,F,0.836786996038802,3.61625081341641,1.52174896397971,1.40055973906699,2.14295563832487,2.65252314581781,0.925346878930433,1.51312199760154,0.882666232871461,2.3841062086826,1,0.556969153316133,0.0482003373786708,0.0882471196111991,1.57001420005876,0.439106920136301,0.435859490705843,2.22017211816954,0.910570626923763,1.20206115464103,0.192931012544468,0.039883062037176,0.536643799668054,0.303215034451676,0.740442106792044,1.43190543718964
France,0.0370824515758385,FRA,10.6117864311674,1944,0.761,80.9545148096096,1.42,0.990990990990991,Europe,T,F,0.520679240317229,1.60270434808044,0.195204659729399,1.3077739232968,0.145610177612392,1.03741783240081,0.622367670114844,1.22751031270704,0.682591410125498,1.05662399653394,0.724025928382942,-0.706461135845952,0.700086976082286,-0.431820396519533,0.290200405099377,0.873230673022265,-0.264695741057975,0.631018251328262,0.924189499586737,-0.0466579209999407,0.0314909077044351,0.197225643906393,-0.602142082898197,0.0994266536232338,0.439883225689276,-0.522187901330262
Georgia,-0.0199403771210353,GEO,7.97290299399182,1918,0.687,73.8297389924231,6.01,0.971576227390181,Ex Soviet,F,T,0.449149954034237,0.509024833129458,-0.104967561889133,-0.537467308540752,1.51221496652093,-0.305478720327933,0.289676322269666,-0.296859028764763,0.414543607777615,0.335587692240589,0.574127630041548,0.248521667912015,-0.740677367425614,-0.293946038317684,0.517150903788422,-0.533905973640509,-0.0443826664517837,-0.195779166528844,-0.778497349332608,-0.242564742256513,0.531775784965749,-0.313027977274332,0.0997916902853985,0.202285926079071,0.155325188449665,1.70457636962543
Germany,0.162517500962935,DEU,10.618662465785,1918,0.779,77.9109491694493,1.06,0.963196635120925,Europe,T,F,0.678024636232721,2.33840591618968,0.855503671613026,1.31258199568421,1.51221496652093,1.36406834522672,0.480248397724874,1.34706869243032,0.298851687003905,1.54165414703108,0.824860232801283,-0.0494326319670804,0.432809600273831,-0.0661886534959161,0.772760423728442,0.771472765232024,0.268998739311529,0.956323984969356,1.13307975042008,0.762908406323687,-0.354250829613153,0.0973288056540495,-0.0204396196265018,0.214745027849327,0.297638534227998,0.84217560390054
Ghana,-0.310624626560251,GHA,7.09963552635201,1954,0.704,92.5412066301345,9.07,0.887622149837134,Sub-Saharan Africa,F,T,0.0845163963651807,-0.171580922391488,-1.63515010347302,-1.14810024329288,-0.380007048890891,0.00302454178542476,1.16340814882555,-1.31310525641263,-0.744559147679018,-0.113119129029265,0.480844686364468,-0.866301091172703,-1.09960100854185,-1.55152859120618,0.382154806961341,-1.2451845563382,-1.69413615446567,0.283513217305944,-0.7726910646784,-1.32187877531412,-0.373067944125795,-0.0336691715885795,-0.762320188097067,-0.275472776528084,1.0449854390009,0.0970009900110718
Greece,-0.0535724428629696,GRC,10.2165706203312,1952,0.685,67.5005895221563,1.59,0.964732650739477,Europe,F,T,0.406961979257828,0.324035871535302,-0.282009145445832,1.03141896977538,-0.274883603590234,-0.341773221753035,-0.0058632598877606,1.17105218894882,0.320058518021281,0.213628969068478,0.548773282469126,-0.995695015841061,0.896623614227348,-0.396894817882826,-0.410818145601459,1.04682096913981,-0.207357079840247,-0.670878544509088,0.840638412647282,-0.382853457013735,-0.215971641130388,-0.0296853240351438,-1.0422408512289,0.286672540057159,-0.18113895643488,-0.81385877874083
Guatemala,-0.138063854062749,GTM,7.94414266128193,1946,0.667,48.8933539302086,8.14,0.9234375,Latin America and Caribbean,F,T,0.300976175356551,-1.2495903882136,-0.726777936947629,-0.557577992858982,0.0404867323117358,-0.668423734578945,-0.874727971928948,-1.00424610879416,-0.250078447379599,-0.823824551050878,0.333094104668795,-0.359609180561955,-0.110397144010799,-0.211386099771176,-0.631929539517391,-0.435610013316907,-0.525521339827922,-0.553099384087025,-0.445145755218113,-0.605850018196984,-0.124472462092883,0.286365393025966,-0.0569891054858364,-0.4873665182812,-1.00855451644427,0.242222733982708
Haiti,-0.134811206326068,HTI,6.53407979863068,1950,,84.1479201922492,9.53,0.869902912621359,Latin America and Caribbean,F,T,0.305056288119311,-0.584295104905157,-0.709655768167608,-1.54356551204694,-0.169760158289577,,0.771483708040363,-1.46587429717015,-0.989197851122771,-0.385211551737253,0.42427861484677,0.328193421927466,-1.34243166539122,-0.460731684514872,0.313231405922895,,,,-1.03805148235044,-0.301224725453435,-0.453040432447315,-0.295344832302957,0.263603070434698,-0.0795002056046454,0.663376751129872,0.491594076042011
Hungary,0.122368738726972,HUN,9.48626689053039,1918,0.672,73.7360705323827,4.12,0.990396158463385,Europe,F,T,0.627662134520464,0.670382335547824,0.644157734713475,0.520753536430004,1.51221496652093,-0.577687481016192,0.285302474302938,0.330822464782449,0.674378920132416,0.441966769130366,0.596243080414791,0.277832563770654,0.257868426861076,0.390551457273315,0.0798723936026269,0.613119854811622,0.810246406412592,-0.763963788350809,0.141536715934485,0.405489653433849,0.350982715835158,0.195492086837731,0.436285106675365,-0.103226142863271,0.123347539017077,1.21128656111887
India,-0.00904431683945324,IND,7.08342932975559,1950,0.664,34.5182245636056,8.5,0.792626728110599,South Asia,F,T,0.462817943382523,-1.76902529513585,-0.047609926423545,-1.15943243847427,-0.169760158289577,-0.722865486716597,-1.54597451878696,-1.12380448851744,-2.05610300937433,-1.16627535175456,0.261901028834093,0.728947379776256,-0.520148316254331,0.675828858058862,-0.66517953659964,-1.01970346223592,0.174747425948515,-0.439207287326571,-0.0865121285001407,0.775826546288389,-1.67989323800496,-0.210784141949566,0.700775453650179,-0.0761786961382485,-1.66410162711458,0.312530385126966
Indonesia,-0.0975522187441025,IDN,7.949606100172,1945,0.681,58.8473652189325,7.47,0.93019943019943,East Asia and Pacific,F,T,0.351793864108959,-0.740733747784749,-0.513521810359428,-0.553757679098413,0.0930484549620641,-0.414362224603237,-0.409925497144647,-0.781734679864725,-0.156720600389823,-0.488347744167103,0.402837336993505,-0.148951676816318,-0.294767929848331,-0.201940054574816,-0.298415406654652,-0.51467435080562,-0.410735404417372,-0.300106385150821,-0.490975429823901,-0.428908284817971,-0.0327053404012204,0.0953182342069979,0.0099901111857138,-0.268224038494089,-0.543851694944141,0.293003616790066
Iran,-0.28486954616556,IRN,8.71899979801416,1963,0.58,23.2680603526398,8.29,0.85678704856787,Middle East and North Africa,T,F,0.116823501447366,-3.12140187918934,-1.49957353042829,-0.0157585561459323,-0.853062552743845,-2.24723454657085,-2.07130084355317,-1.05406210034553,-1.17028058834882,-2.0578643418094,0.0765460451344554,-1.50095679699943,1.12367672104225,-0.234473382470171,-2.1443273393758,0.621278327588113,-0.686395030990331,-2.28345273573147,0.586059705990787,-1.02070481230647,-1.27028064984414,0.871811875838911,-0.797036137044863,-1.01498675341303,-2.21926080476733,-0.903895764249444
Iraq,-0.366057850904543,IRQ,8.34982696860798,1980,,16.2011361139522,8.45,0.778409090909091,Middle East and North Africa,F,T,0.014981105599615,-3.67989281898241,-1.92695453484134,-0.273902935279065,-1.74661183779943,,-2.4012908124189,-1.10719915800032,-2.25239725661846,-2.42606383508396,0,-1.75274492545068,1.07207975767371,-0.438164500867577,-2.37990598044959,,,,0.903411460530407,-1.02716340412293,-2.24490960370372,0.660203012545669,-1.18948534207483,-0.840478821891145,-2.54251705049296,-1.67711100754539
Israel,0.0612800044505367,ISR,10.284498722553,1948,0.712,80.9202165638598,1.43,0.971491228070175,Middle East and North Africa,F,T,0.551032586976389,1.02596505099978,0.322582297249655,1.07891774643763,-0.0646367129889208,0.14820254748583,0.62076611381328,1.22418924660361,0.413370073996983,0.67639380512689,0.644978787024647,-0.423412805780426,0.684527028211252,-0.0734439398017574,0.0275443453019067,0.934470775535585,0.207327565584057,-0.194187801162712,0.838511819637633,0.185441598779922,-0.142437912422681,-0.0287220632127825,-0.472581207916498,0.297922733719428,0.444251406706987,-0.625753450135174
Italy,-0.0385927805789447,ITA,10.5134215660861,1945,0.726,63.24486743155,1.25,0.973124300111982,Europe,T,F,0.425752428213498,0.839470996207153,-0.203155138907612,1.23899221727099,0.0930484549620641,0.402264057461538,-0.204584167703971,1.28396843646525,0.435916903867411,0.553442810615134,0.619418153327074,-1.05803480024604,0.913572832916474,-0.524485743699325,-0.177644398522062,1.01166059511966,-0.41688006175086,0.01510216648741,0.986595334414694,-0.349066117240644,-0.186543856720941,0.0789999523007015,-1.03761691837973,0.216540023009414,-0.38527443413102,-0.542687021211541
Japan,0.15467019427258,JPN,10.700332166688,1947,0.67,66.5140586435607,1.56,0.964835164835165,East Asia and Pacific,T,F,0.668180995367607,0.266141858128789,0.814194891659512,1.36968959557856,-0.0120749903385925,-0.613981982441294,-0.0519293111028937,1.1810153872591,0.321473867629645,0.175460854098149,0.540838403946528,-0.129586680364551,1.25630525676392,0.722497250284739,-0.622771716676447,1.47389657842436,0.994350733526865,-1.03769887918416,1.17815632088193,0.712800036523351,-0.355407456059257,0.299859892548056,0.0474134734921115,-0.00166869579589535,-0.236028832318352,-0.70873506937185
Jordan,-0.0871499288667768,JOR,8.17318158968626,1974,0.593,20.772064401191,7.58,0.853246753246753,Middle East and North Africa,F,T,0.364842469161319,-3.17547512950884,-0.458763417383248,-0.397422349591962,-1.43124150189746,-2.01132028730769,-2.18785135385842,-0.818266407002394,-1.2191592870546,-2.0935135206031,0.0691348354538534,-0.200534433760414,0.762010906649598,0.827994448433189,-1.98389796046096,0.162650215124892,0.262978475961182,-1.94079018241834,0.230390801034103,0.0391181672686816,-1.16023987500435,0.283646730853373,0.088764116237762,-0.442620299087564,-2.32585557508592,-1.30416207779618
Kazakhstan,-0.117393721114077,KAZ,9.01546392675182,1924,0.719,86.0019733493472,3.22,1.00900900900901,Ex Soviet,F,T,0.326904735741597,1.44660635469428,-0.617968888534124,0.191544209258904,1.19684463061896,0.275233302473684,0.858058704873753,0.629718414090645,0.93135519791598,0.953712386030014,0.702631339508212,-0.760361960914344,-0.358412818197385,-1.18247271147396,0.760748253308594,0.00565491273221641,-0.782458715788547,0.181034196760821,-0.324338886368056,-0.956595761685714,0.745037159949215,-0.395479516932747,-1.02233288810206,0.485983521476761,0.704691229333302,1.04937720335828
Kenya,-0.170972463923375,KEN,6.80663994139168,1963,0.719,87.8117959433222,9.25,0.924786324786325,Sub-Saharan Africa,F,T,0.259695701734149,-0.36233243370998,-0.900011197345025,-1.35297762684788,-0.853062552743845,0.275233302473684,0.942568355928003,-1.37288444627427,-0.231456046037989,-0.238876961080844,0.454700531187554,0.00819784719289574,-1.23393251765415,-0.739988832738568,0.361652077867921,-1.53886692337457,-1.06450102459945,0.61302453474566,-1.25044923810432,-0.786327031815173,0.225343238855566,-0.186194099823702,0.01211699233689,-0.154580553289265,0.829489894090316,-0.280550890206533
Lithuania,0.152970295926578,LTU,9.36720863436723,1918,0.74,82.2567539644759,2.01,1.03506650544135,Ex Soviet,F,T,0.666048647355034,1.89754429915309,0.805246505991777,0.437501961097795,1.51221496652093,0.656325567437246,0.683175716678797,1.031567412605,1.291115161879,1.25100480532965,0.764436310350124,0.49555004643141,-0.279226020839291,0.0601305187194391,0.931680661347099,0.127285687697183,0.493051391970878,0.493334056293135,-0.269710290046228,0.326679978986483,1.00238375091773,-0.50144660363302,0.136710773589291,0.670934325487301,0.523392407446337,1.2500942956751
Malawi,-0.131911158559624,MWI,6.06391954788452,1961,0.701,90.7490267724279,10.14,0.911827956989247,Sub-Saharan Africa,F,T,0.308694100407141,-0.574447737553698,-0.694389710682442,-1.87232542164585,-0.747939107443189,-0.051417210352227,1.07972232519541,-1.66845932947904,-0.41036432848946,-0.378719421945069,0.425628282266656,0.567085878799155,-1.67483343940297,-0.449409749169302,0.488622891675755,-1.95164873799489,-0.732275006422743,0.43163142402419,-1.67464922874038,-0.511113690511442,0.262684125315673,-0.446688087762281,0.412046613067859,0.00783215759082401,0.980191104925936,0.0666666089598544
Mexico,-0.145168809813714,MEX,9.14391571211559,1953,0.699,52.4849027236705,5.45,0.957142857142857,Latin America and Caribbean,F,T,0.292063737556589,-0.554866869765748,-0.764178928813638,0.281364216962645,-0.327445326240562,-0.0877117117773283,-0.707020630728646,-0.110879326972996,0.215270865919092,-0.365810232048325,0.428312010654486,-0.96766863837253,0.471614581926058,-0.527041604971929,-0.604919107515455,0.213881565077789,-0.787997054385703,-0.207032751397934,0.146312298353611,-0.824262874492607,-0.0084469688931014,0.342929242789452,-0.681680974479889,-0.333822121576573,-0.862731070568183,-0.516782363810669
Moldova,-0.122055580133959,MDA,7.71549766835688,1978,0.742,88.2942547268018,3.52,1.00691562932227,Ex Soviet,F,T,0.321056912053006,0.496311549190013,-0.64250924563056,-0.717458176445292,-1.64148839249877,0.692620068862348,0.965096764831535,0.530086430987914,0.902453181077252,0.327206133345303,0.572385163804591,-0.166588087432016,-0.915966465334481,-0.826395727126566,0.601239079736929,-1.03951511431009,-0.968771529819694,0.852661621099128,-1.21797047201552,-0.96989379435135,1.09463104203626,-1.21722781043715,-0.981376121355222,1.18795658958642,0.835440711633804,-1.36522421883033
Morocco,0.0465679596778263,MAR,7.87263480044974,1963,0.593,33.9643065399226,8.14,0.82069970845481,Middle East and North Africa,F,T,0.532577836722776,-2.71270594413713,0.245137048304685,-0.607579918426898,-0.853062552743845,-2.01132028730769,-1.57183971632065,-1.00424610879416,-1.66851648803717,-1.78842105192298,0.132561380857478,0.646317708972691,0.380706820434396,1.3465440356168,-1.57083771046047,-0.0475073537100441,0.966878941649115,-1.88201080030231,0.259212391643224,0.917809875621499,-1.52209039923534,0.23636346745805,0.914925879766477,-0.443272248853583,-1.70436195537568,-0.62801814583253
Netherlands,0.314584621183376,NLD,10.8220941128038,1919,0.776,79.5209213774276,0.44,0.96712619300106,Europe,T,F,0.868777231729169,2.42757369529271,1.65599579651886,1.45483172814739,1.4596532438706,1.30962659308907,0.555426036658232,1.55297479084263,0.353104696498445,1.60044029510059,0.837081453160361,0.654299533601724,0.542082299394223,0.698589498411156,0.758466225024764,0.931483494391476,1.09059161946972,0.862096126498681,1.24647640435695,1.54229716195643,-0.359228622157587,0.0592534142376557,0.644691782669898,0.295207996662196,0.369105574006042,0.723304146736516
Nicaragua,-0.199741151083946,NIC,7.29807137022244,1955,0.776,55.1009877693866,7.42,0.974921630094044,Latin America and Caribbean,F,T,0.22360833625403,-0.0975245587139518,-1.05145161051609,-1.00934382994554,-0.432568771541219,1.30962659308907,-0.584862561159998,-0.765129349347603,0.460731542958125,-0.0642955696176682,0.490994755689952,-0.376986360355479,-0.988232954518984,-0.997491563403719,0.359692701164027,-1.53269206370145,-1.61685578756523,1.55130621554332,-1.27493774531593,-1.20701500254909,0.774446513766994,-0.374810265340098,-0.538855876278156,0.15014058938566,-0.70690474654531,-0.020242055913566
Nigeria,-0.0954374361645407,NGA,7.62677036971656,1978,0.638,85.6284020843773,,0.870786516853933,Sub-Saharan Africa,F,T,0.354446641812497,-1.15031597846136,-0.502389444609533,-0.77950080687535,-1.64148839249877,-1.19469400524291,0.840614797746279,,-0.976998466285723,-0.758375347202651,0.346700526739682,0.0157338484796975,-0.369034739458496,-0.0267595441441311,-0.452468197126861,-0.485843192602618,-0.0971588800504074,-1.01729962816262,-0.280474708667907,-0.0987037261735779,-0.758986920458931,,,,0.712577133055021,-1.33630303717951
Pakistan,-0.253293468334526,PAK,6.86941729765193,1947,0.559,24.4373580721838,9.06,0.727272727272727,South Asia,F,T,0.15643245039791,-3.07869627895458,-1.33335481330841,-1.30908051318032,-0.0120749903385925,-2.62832681153441,-2.01670049621186,-1.30978419030921,-2.9584058475352,-2.02970957823838,0.0823992194120464,-0.45500510741344,-0.185439102532631,-0.0853593490042155,-1.45173254155787,-0.547716652572348,-0.372471027103974,-2.30281324897645,0.243706533893306,-0.158940023130267,-2.51988470773691,-0.197557911216005,-0.462708135393905,-0.130191029664365,-2.13092401885265,0.539974025958121
Peru,-0.048126830295963,PER,8.40736001602751,1955,0.683,81.062102479532,6.25,0.954606141522029,Latin America and Caribbean,F,T,0.413792941333777,-0.209147406500338,-0.253343053993203,-0.233672908519947,-0.432568771541219,-0.378067723178136,0.627391475471871,-0.376564615246948,0.180247980174759,-0.137885798329415,0.475695872689524,-0.10649838712957,-0.171280413092344,-0.154675205340977,-0.112395991749282,-0.206430244691338,-0.164623818219382,-0.353337020239511,-0.350098799153498,-0.299803775859186,0.170984411770967,0.0605696965063073,0.00381389725594922,-0.145321185653854,0.485115832940415,-0.38182117440533
Philippines,-0.147103644334297,PHL,7.62901056403653,1937,0.79,62.872108196352,7.16,1.00587371512482,East Asia and Pacific,F,T,0.289636686224767,0.664175077642078,-0.774364035196117,-0.777934349309132,0.513542236164691,1.56368810306478,-0.221990157107962,-0.678781630658569,0.888068107089003,0.43787447496286,0.595392321682715,-0.257306265168237,-1.03852382077892,-1.0254841473031,0.742976862455534,-1.38416723431432,-1.43823840342291,1.74064435455976,-1.27079631039549,-1.0961530689174,1.10542740186126,-0.219020997943507,-0.318532474955694,0.0324195272948966,-0.350068683008737,0.817997387050211
Poland,0.124591581702042,POL,9.33943401027034,1918,0.715,75.2612186543616,2.17,1.00836320191159,Ex Soviet,F,T,0.630450462899808,1.45618517268261,0.655858938062802,0.418080534269932,1.51221496652093,0.202644299623481,0.356519253242245,0.978430354950208,0.922438933120625,0.960027467758607,0.703944199900076,0.359373163946906,-0.135419039646111,0.0875185538624239,0.650681019922362,0.255872566671611,0.519503451144851,0.0450848053944981,-0.0930606734747033,0.320700319119894,0.641794333064624,-0.474332514620993,0.0222550050433973,0.63492408080001,0.197242553960711,1.25914759675717
Portugal,0.0643682911757422,PRT,10.0054394492667,1976,0.731,80.8225305914958,1.31,0.989298454221165,Europe,T,F,0.554906525718809,0.618395169445666,0.338839257987746,0.883785339321651,-1.53636494719811,0.493000311024291,0.616204668141834,1.26404203984471,0.659223587015572,0.40769289492448,0.589117786736181,-0.274424461644006,0.640126709622394,0.10605516839539,-0.140907912535453,0.626852056009864,0.0899464097239082,0.205186927577036,0.512628495970012,0.106066307581067,0.18466600983845,-0.25875610720868,-0.482523096715718,0.509853318679655,0.444780010292446,-2.00652068296443
Romania,-0.0939968650123315,ROU,8.94988350962712,1946,0.693,74.6844492932651,5.39,0.983930778739184,Ex Soviet,F,T,0.356253690475501,0.0777309455826059,-0.494806175714598,0.145687053169767,0.0404867323117358,-0.196595216052632,0.329587012697055,-0.0909529303524496,0.585115364724284,0.0512461218903071,0.515015048206992,-0.606006665292277,0.101982962172005,-0.511040434340183,-0.118159043014468,0.113726394677461,-0.476422790781956,-0.277968443946957,-0.186057223448014,-0.698752463863155,0.417891606144577,0.189801260556615,-0.425407646149505,-0.194248624419226,0.17741572587136,-0.0856043746341726
Russia,0.210788004626216,RUS,9.20980936584525,1918,0.694,80.521562287661,4.31,1.01901140684411,Ex Soviet,F,T,0.738575029022062,1.01906832001061,1.1096030324195,0.327440403983823,1.51221496652093,-0.178447965340081,0.602150955683971,0.267722208817386,1.06945220558674,0.671846958124494,0.644033530004411,0.874771752613863,-0.0643996874346007,0.716339112281264,0.409066588397326,0.289559413259426,1.12095283226802,-0.310656143969679,-0.261886060844153,0.717259099596238,0.826548889966221,0.0574398794514185,0.943211916148796,0.00414706292666639,0.445238613684898,1.30139950733362
Rwanda,-0.109197378024374,RWA,6.29606341020118,1961,0.794,98.6509726978054,6.23,0.937142857142857,Sub-Saharan Africa,F,T,0.337186206947692,1.18389568129473,-0.574822756176106,-1.70999865100107,-0.747939107443189,1.63627710591498,1.44870362481357,-0.3699224830401,-0.0608569385283436,0.780513628572334,0.666624554741397,0.57623623388611,-2.16279705542838,-1.03410424442666,1.5644610810298,-2.33991286493463,-1.26683146473937,2.07392424781941,-1.69819904378234,-0.527498337266376,0.544600914920645,-1.4215729854548,-0.322032279849838,1.1632209096548,1.34493809374709,-0.00900203996858684
Saudi Arabia,0.0708703819103613,SAU,9.87514939493861,,0.605,24.2126802598425,4.17,0.883908045977012,Middle East and North Africa,F,T,0.563062731228481,-2.19834088611122,0.373066725575352,0.792679920659514,,-1.79355327875708,-2.02719182480053,0.314217134265327,-0.79583751489828,-1.44931267929039,0.203059589766339,-0.178226005060594,1.59073837482523,1.26845736955543,-1.9511083682207,1.28170849859127,1.01040559791037,-2.05588520918758,1.19536019022108,0.706284344810663,-1.23246006805803,0.481960819767206,0.176110284844455,-0.35963014342176,-2.19623998827148,
Serbia,0.00117421735165644,SRB,8.57970094547058,1945,0.72,71.7327201888246,3.05,0.968314321926489,Ex Soviet,F,T,0.475636045785579,0.684417292145597,0.00618116356491918,-0.113163383748386,0.0930484549620641,0.293380553186234,0.191756046582825,0.68617653784886,0.369508468077402,0.451219674664241,0.59816669339514,0.071053818849269,-0.381239059195988,-0.253046472464788,0.414798096897432,-0.304973012507166,-0.165342248773622,0.284405711069127,-0.330242634817791,-0.113898220237558,0.310066416509131,-0.74963109551992,-0.435297872847542,0.811148471024207,0.0463369004884323,0.0876205187201144
South Africa,-0.160223603240321,ZAF,8.86385418159955,1994,0.759,74.1108488287605,6.34,0.976539589442815,Sub-Saharan Africa,F,T,0.273179044293342,-0.489794341223775,-0.843428431024329,0.0855309807235948,-2.48247595490402,1.00112333097571,0.302802743752017,-0.406454210177768,0.483069721091197,-0.322909496641361,0.437230767167586,-0.913710044882688,0.251715489555855,-0.632354316905766,-0.461409671014663,-0.337171605086757,-1.28926166164347,0.936575272826711,-0.191942924601508,-1.00768094143846,0.340894110981111,0.405949813409787,-0.566622342622194,-0.456701185899769,0.15220063437039,-2.58052529949143
South Korea,-0.0265739859986532,KOR,9.95737590307406,1948,0.651,68.3026729839422,1.07,0.929577464788732,East Asia and Pacific,T,F,0.440828772512028,0.179181438775298,-0.139887350325586,0.850176868430704,-0.0646367129889208,-0.958779745979755,0.0315900207252508,1.34374762632689,-0.165307697554737,0.118129964625238,0.528919721456871,-0.730290188460569,0.768953212290564,-0.196755122660296,-0.4132045980081,1.06687016368625,0.173906608140007,-1.23719311036614,0.91752594618387,-0.0519336104044385,-0.625871176804893,-0.362167851859461,-1.01364740410367,0.619196583184915,-0.138957956644392,-0.519125854916355
Spain,0.0298560669193823,ESP,10.3356817805906,1931,0.742,72.4187371871484,1.21,0.980834272829763,Europe,T,F,0.511614482417714,1.53038497459615,0.157164457477604,1.11470753833673,0.82891257206666,0.692620068862348,0.223789604644608,1.29725270087895,0.542363795812938,1.00894559251057,0.714113928684479,-0.613175287534379,0.533766557150646,-0.440894842554378,0.341709241141851,0.792650600471932,-0.16909782671153,0.340219603207064,0.805699592595603,-0.0301522988874453,-0.0283465601387055,-0.0569186055935353,-0.686030271840285,0.339424908927351,0.0463413170718346,0.251112417960423
Sri Lanka,-0.160962136224684,LKA,7.82489428939383,1931,0.686,46.8259833414652,6.26,0.931210191082802,South Asia,F,T,0.272252630460932,-0.470467616664738,-0.847316121125312,-0.640962506755109,0.82891257206666,-0.323625971040484,-0.971263824468393,-0.379885681350373,-0.142765641212478,-0.310167857194299,0.439879663013498,-0.4234282269654,-0.481925625088192,-0.643982853823831,-0.0754343173520162,-0.631480839622774,-0.779697640603845,-0.184979642510696,-0.585601846379107,-0.768130804257516,0.0175604911717107,-0.343811431988861,-0.587975932414717,0.210526661752938,-1.10291527521396,1.06951827762574
Suriname,-0.042115565568957,SUR,8.93962955677749,1948,0.678,58.4393445842597,7.28,0.97687074829932,Latin America and Caribbean,F,T,0.421333455990926,-0.814584968419418,-0.22169932938188,0.138516968913335,-0.0646367129889208,-0.468803976740889,-0.42897801730542,-0.718634423899662,0.487641829489692,-0.537036057759921,0.39271538430788,-0.328022642397733,0.424819209175006,0.119461726528901,-0.702757614725478,0.195361293902403,-0.0978121681874702,-0.548171789723682,-0.14138849558022,-0.387730301355824,0.323403593862061,0.732331957158878,0.260331080395854,-0.815607168931358,-0.580962271733059,-0.187385484063597
Sweden,0.392188442101355,SWE,10.8520837820769,1921,0.823,88.0535346124517,0.48,1,Europe,T,F,0.966123260503088,3.04710200706353,2.06450782342772,1.47580202698371,1.35452979856994,2.16254737657894,0.953856341083267,1.53969052642893,0.80697330402074,2.00888024320034,0.921993201473508,1.04854731391023,0.333931653427616,0.858964612848658,1.15613274891935,0.674198178319499,1.16852514742504,1.70915168602722,1.0260682673152,1.77426309648725,0.085908245785554,0.0918575920339564,1.06193675942452,0.263431044289697,0.766988865991746,0.608405393430484
Switzerland,0.306036140037676,CHE,11.1957573605179,1971,0.785,80.1296148105093,0.4,0.96760710553814,Europe,T,F,0.858054039472152,1.39821405340628,1.61099598441537,1.71611603566585,-1.27355633394647,1.47295184950202,0.583848971480682,1.56625905525633,0.359744362648197,0.921808518763634,0.695998753346788,0.431571028915722,1.18405599464527,1.06587451414747,-0.054399531715525,1.13948481182112,0.982289541609166,0.95234226309838,1.50422957488242,1.49471464839704,-0.461384092747535,0.308903842796153,0.590959020720635,0.078078321571126,0.390712880327917,-2.13170315093658
Tanzania,-0.378000721617902,TZA,6.5377094705006,1959,0.718,95.1807059275699,9.04,0.9453125,Sub-Saharan Africa,F,T,0,-0.0743197564662759,-1.98982265479359,-1.54102746125695,-0.642815662142532,0.257086051761133,1.28665954668455,-1.30314205810236,0.051936338734784,-0.0489972078711081,0.494175175842954,-0.953699877022693,-1.52849844740788,-1.94515672366406,0.648141834283199,-1.72099642555155,-2.1472788969639,0.64747331059958,-1.58921407999019,-1.98637263481184,0.587036948505902,-0.435321798772628,-1.12354245180197,0.0809938497515486,1.17848638445363,0.0173554594256629
Thailand,-0.184534117733708,THA,8.45371423132472,1932,0.706,79.8507030786757,6.06,1,East Asia and Pacific,F,T,0.242683998876916,0.52597728860105,-0.971400706531059,-0.201259688545578,0.776350849416332,0.039319043210526,0.570825190469957,-0.313464359281885,0.80697330402074,0.346764033824058,0.576451111640282,-0.84660389727949,-0.410739295634426,-1.16716907436507,0.355601651927312,-0.310184666055075,-1.04445392769195,0.0549840291585777,-0.65099344821409,-1.26164543347152,0.784213323479621,0.0377219914208069,-0.755725267049316,-0.110804573985151,0.427704045703977,0.811989019110656
Turkey,-0.116233852768403,TUR,9.23887703165831,1934,0.624,36.4260000497642,5.28,0.91375,Europe,F,T,0.328359671542648,-1.23758959827854,-0.611863259156165,0.347765991206025,0.671227404115675,-1.44875551521862,-1.45689095824249,-0.0544212032147814,-0.383827852658825,-0.815912722123767,0.334738917399971,-0.860520245056751,0.790508572623872,-0.101278044865423,-1.08913529751871,0.724308256728039,-0.108162503419389,-1.58664859715525,0.531329436669713,-0.43890941380787,-0.635194458945963,0.359887031452949,-0.56648034166694,-0.335920497207216,-1.61433349531098,0.450937169340388
Uganda,-0.062042421335497,UGA,6.61112540747215,1962,0.708,85.7961082980668,8.42,0.867158671586716,Sub-Saharan Africa,F,T,0.396337260547488,-0.360407273203447,-0.326595713900284,-1.48969131201086,-0.800500830093517,0.0756135446356272,0.848445838007191,-1.09723595969004,-1.0270859137113,-0.237607749581656,0.45496439119409,0.674607604778786,-1.37135818737985,-0.167344425247947,0.433157509480472,-1.61045695398454,-0.41371610522941,0.451642495326383,-0.964027483155529,0.0965730508923014,-0.513360959562073,-0.564310773406108,0.4043237664819,0.241629091681366,0.738933566951741,-0.164260062337024
Ukraine,0.123462111001116,UKR,7.98643642485663,1919,0.702,77.1718943680056,4.44,1.00394218134034,Ex Soviet,F,T,0.629033657824348,0.97530068662264,0.649913324046486,-0.528004046811128,1.4596532438706,-0.0332699596396764,0.44573823988515,0.224548349472868,0.86140059793285,0.642992021925801,0.638034794837848,0.996965530703205,-0.90365749861501,0.274179458965828,0.819693512914789,-0.613247695392258,0.604994443222067,0.0737827959481791,-1.00668357372558,0.338497434572111,0.974692405093958,-0.760194464723622,0.511904294774538,0.715348113453935,0.311140255892762,1.6476033460745
United Arab Emirates,-0.120803040795466,ARE,10.7359992643429,,0.646,43.7961035472412,3.52,0.958382877526754,Middle East and North Africa,F,T,0.322628094103619,-1.01391567086577,-0.635915789562316,1.39462984048885,,-1.04951599954251,-1.11274403639558,0.530086430987914,0.232391071222868,-0.668449941863396,0.365395376302389,-1.59666201270796,1.75465080837767,-0.214917696140844,-1.47949548398839,1.64092479690485,-0.286953905676134,-1.48020848224107,1.25047297760818,-0.702659163315836,-0.45487502214894,0.894860206496995,-0.974782665286978,-0.674591242637335,-1.29749412650909,
United Kingdom,0.340621627877797,GBR,10.5936711459176,1928,0.758,79.8155927356744,2.11,0.964052287581699,Europe,T,F,0.90143798441995,1.78240169299385,1.79305644963566,1.295106796436,0.986597740017645,0.982976080263157,0.569185713293956,0.998356751570754,0.310665158772082,1.17509408552844,0.748655013824114,0.900006984360157,0.620962151223063,1.09405801703099,0.415178190154716,0.878324542857743,1.35425680410064,0.5801193927166,1.10932185769973,1.69586597277292,-0.335160928924239,0.385242929105119,1.1463530918476,-0.118556383611623,0.387031692197951,0.324704444195818
United States,0.419194828066098,USA,10.7891852208812,1920,0.74,81.3127707443516,3.23,0.994594594594595,North America,T,F,1,1.62946914682863,2.20667135789595,1.43182016067374,1.40709152122027,0.656325567437246,0.639096428024015,0.626397347987221,0.732344167683594,1.07426937738888,0.727694277047207,1.22062783677647,0.81423475384062,1.56892631613851,0.244117426776118,1.12160388727313,1.89447624387505,0.215231251232119,1.0217760025803,1.94545591868216,0.0295925443603869,0.847704904222082,1.80449059578946,-0.611076662573179,0.453376224517143,0.681469269778614
Venezuela,-0.0595093577197728,VEN,9.49812822025194,1946,0.691,62.5098043017242,7.41,1.02230971128609,Latin America and Caribbean,F,T,0.399514728882237,-0.566184943878853,-0.313261487057997,0.52904758017528,0.0404867323117358,-0.232889717477733,-0.238907934470514,-0.761808283244179,1.11498988378494,-0.373271963038685,0.42676077006996,-0.685228365170567,0.723483722906834,-0.0715909854547734,-0.739627377111531,0.508927586147157,-0.280810931957119,-0.421485802155099,-0.0844969366501792,-0.723318694182705,0.788140155500872,1.16067267504073,0.19715100971849,-1.20317100520439,-0.401079220755301,-0.264307942848941
Vietnam,-0.113282973615116,VNM,7.06398624830281,1946,0.687,88.6279191437097,5.37,0.998518518518518,East Asia and Pacific,F,T,0.33206124658839,0.353604478440824,-0.596329621639188,-1.17302802783044,0.0404867323117358,-0.305478720327933,0.980677222018874,-0.084310798145601,0.786519392580188,0.233122832448753,0.552825917449367,0.189475566089014,-1.31875877893987,-0.723058276364827,0.741203338312967,-1.16946669293019,-0.535744726201839,-0.0180179439177729,-1.61188389669689,-0.878618173424935,1.16839017749112,-1.13473075992358,-0.53129756699698,0.975304284111717,0.862904756062155,0.529114861783131
Zimbabwe,0.0473357676540469,ZWE,6.8769835499244,1978,0.709,87.2808209186145,9,0.938888888888889,Sub-Saharan Africa,F,T,0.533540973027946,-0.761744797381077,0.249178844042735,-1.30378980557763,-1.64148839249877,0.0937607953481778,0.917774481541664,-1.28985779368866,-0.0367505429019791,-0.502199818145958,0.399957589738664,1.1239297477211,-1.03702951308789,0.569176061841848,0.0730591343625538,-1.43047577978341,0.155024867629491,0.417794589532497,-1.30481056966133,0.287126342234402,0.399567620136807,-0.20971802205328,1.10672609718859,-0.114930251094439,0.803412950239475,-1.0919056403591
