country,gender,preference,isocode,logAvgGDPpc,genderOrig
Afghanistan,-0.362525733819164,trust,AFG,6.07601480077745,-0.362525733819164
Algeria,0.0842040229098597,trust,DZA,8.37734266346542,0.0842040229098597
Argentina,0.0356452868593064,trust,ARG,9.15503477940437,0.0356452868593064
Australia,0.183491440550934,trust,AUS,10.831083350524,0.183491440550934
Austria,0.237387699987742,trust,AUT,10.7415607995392,0.237387699987742
Bangladesh,-0.0854615671874183,trust,BGD,6.55805694315242,-0.0854615671874183
Bolivia,0.0140608329522546,trust,BOL,7.51692562881957,0.0140608329522546
Bosnia Herzegovina,0.0325109993807132,trust,BIH,8.367686754699,0.0325109993807132
Botswana,0.0798426005269226,trust,BWA,8.73160425672903,0.0798426005269226
Brazil,-0.0511256423930785,trust,BRA,9.24850504607934,-0.0511256423930785
Cambodia,-0.17879287395081,trust,KHM,6.56080194725664,-0.17879287395081
Cameroon,-0.100323759386177,trust,CMR,7.14745441142489,-0.100323759386177
Canada,0.26974831186353,trust,CAN,10.7426526485155,0.26974831186353
Chile,-0.086019718361647,trust,CHL,9.40267181395829,-0.086019718361647
China,0.0483140158337363,trust,CHN,8.20964305246326,0.0483140158337363
Colombia,0.0405297035623538,trust,COL,8.69234737053681,0.0405297035623538
Costa Rica,-0.0203316886092137,trust,CRI,8.94050293024014,-0.0203316886092137
Croatia,0.10399423063124,trust,HRV,9.53902869373319,0.10399423063124
Czech Republic,0.0797706464750432,trust,CZE,9.8534106179569,0.0797706464750432
Egypt,0.0130495233358222,trust,EGY,7.7788079739548,0.0130495233358222
Estonia,0.387374747911791,trust,EST,9.63521000605059,0.387374747911791
Finland,0.271516257620778,trust,FIN,10.7444796249982,0.271516257620778
France,-0.0273543331747999,trust,FRA,10.6117864311674,-0.0273543331747999
Georgia,0.0889526564703927,trust,GEO,7.97290299399182,0.0889526564703927
Germany,0.254454323580204,trust,DEU,10.618662465785,0.254454323580204
Ghana,-0.107209976384513,trust,GHA,7.09963552635201,-0.107209976384513
Greece,-0.0562489293946083,trust,GRC,10.2165706203312,-0.0562489293946083
Guatemala,-0.169578364616325,trust,GTM,7.94414266128193,-0.169578364616325
Haiti,-0.0578490800681581,trust,HTI,6.53407979863068,-0.0578490800681581
Hungary,0.0192358130563693,trust,HUN,9.48626689053039,0.0192358130563693
India,0.0933234957896647,trust,IND,7.08342932975559,0.0933234957896647
Indonesia,-0.0635219513400751,trust,IDN,7.949606100172,-0.0635219513400751
Iran,-0.138302896949507,trust,IRN,8.71899979801416,-0.138302896949507
Iraq,0.00292020116666257,trust,IRQ,8.34982696860798,0.00292020116666257
Israel,0.0316449532597649,trust,ISR,10.284498722553,0.0316449532597649
Italy,0.0175429603188544,trust,ITA,10.5134215660861,0.0175429603188544
Japan,0.0558548921997826,trust,JPN,10.700332166688,0.0558548921997826
Jordan,0.156226568628912,trust,JOR,8.17318158968626,0.156226568628912
Kazakhstan,0.0345884727783438,trust,KAZ,9.01546392675182,0.0345884727783438
Kenya,0.0172440998638362,trust,KEN,6.80663994139168,0.0172440998638362
Lithuania,0.035259005256533,trust,LTU,9.36720863436723,0.035259005256533
Malawi,0.00874388981788789,trust,MWI,6.06391954788452,0.00874388981788789
Mexico,-0.0419142573669699,trust,MEX,9.14391571211559,-0.0419142573669699
Moldova,0.0734868056976984,trust,MDA,7.71549766835688,0.0734868056976984
Morocco,-0.0712185291382745,trust,MAR,7.87263480044974,-0.0712185291382745
Netherlands,0.148005247502443,trust,NLD,10.8220941128038,0.148005247502443
Nicaragua,-0.0424491303208828,trust,NIC,7.29807137022244,-0.0424491303208828
Nigeria,-0.0312514293198139,trust,NGA,7.62677036971656,-0.0312514293198139
Pakistan,0.0275004090846164,trust,PAK,6.86941729765193,0.0275004090846164
Peru,-0.0481509205411998,trust,PER,8.40736001602751,-0.0481509205411998
Philippines,-0.092190425506946,trust,PHL,7.62901056403653,-0.092190425506946
Poland,0.120712253997174,trust,POL,9.33943401027034,0.120712253997174
Portugal,-0.0480936829948969,trust,PRT,10.0054394492667,-0.0480936829948969
Romania,-0.0526644238404333,trust,ROU,8.94988350962712,-0.0526644238404333
Russia,0.25200987532334,trust,RUS,9.20980936584525,0.25200987532334
Rwanda,-0.014122785823603,trust,RWA,6.29606341020118,-0.014122785823603
Saudi Arabia,0.220762537920403,trust,SAU,9.87514939493861,0.220762537920403
Serbia,-0.00669612760291316,trust,SRB,8.57970094547058,-0.00669612760291316
South Africa,-0.0446688317648985,trust,ZAF,8.86385418159955,-0.0446688317648985
South Korea,0.0689892997570924,trust,KOR,9.95737590307406,0.0689892997570924
Spain,-0.0073543819325591,trust,ESP,10.3356817805906,-0.0073543819325591
Sri Lanka,-0.0259797370329622,trust,LKA,7.82489428939383,-0.0259797370329622
Suriname,-0.0319957096359412,trust,SUR,8.93962955677749,-0.0319957096359412
Sweden,0.162432951247603,trust,SWE,10.8520837820769,0.162432951247603
Switzerland,0.195928006589362,trust,CHE,11.1957573605179,0.195928006589362
Tanzania,-0.057109468333392,trust,TZA,6.5377094705006,-0.057109468333392
Thailand,-0.0246310105964631,trust,THA,8.45371423132472,-0.0246310105964631
Turkey,-0.0563286677372335,trust,TUR,9.23887703165831,-0.0563286677372335
Uganda,-0.0506719614705836,trust,UGA,6.61112540747215,-0.0506719614705836
Ukraine,0.151890467064956,trust,UKR,7.98643642485663,0.151890467064956
United Arab Emirates,-0.0145820582233522,trust,ARE,10.7359992643429,-0.0145820582233522
United Kingdom,0.156617682586892,trust,GBR,10.5936711459176,0.156617682586892
United States,0.40753780768351,trust,USA,10.7891852208812,0.40753780768351
Venezuela,-0.0423989403420004,trust,VEN,9.49812822025194,-0.0423989403420004
Vietnam,0.0983425110522367,trust,VNM,7.06398624830281,0.0983425110522367
Zimbabwe,0.00366628259702756,trust,ZWE,6.8769835499244,0.00366628259702756
Afghanistan,0.0761650821237219,altruism,AFG,6.07601480077745,0.0761650821237219
Algeria,0.0604990706662674,altruism,DZA,8.37734266346542,0.0604990706662674
Argentina,0.190954977436228,altruism,ARG,9.15503477940437,0.190954977436228
Australia,0.252985082484502,altruism,AUS,10.831083350524,0.252985082484502
Austria,0.175066524588303,altruism,AUT,10.7415607995392,0.175066524588303
Bangladesh,-0.162272149586236,altruism,BGD,6.55805694315242,-0.162272149586236
Bolivia,0.282433510174892,altruism,BOL,7.51692562881957,0.282433510174892
Bosnia Herzegovina,0.0310516357216059,altruism,BIH,8.367686754699,0.0310516357216059
Botswana,0.101876829627903,altruism,BWA,8.73160425672903,0.101876829627903
Brazil,0.127575266995348,altruism,BRA,9.24850504607934,0.127575266995348
Cambodia,-0.186516743990539,altruism,KHM,6.56080194725664,-0.186516743990539
Cameroon,0.101204281652296,altruism,CMR,7.14745441142489,0.101204281652296
Canada,0.216116553826709,altruism,CAN,10.7426526485155,0.216116553826709
Chile,0.187631196956808,altruism,CHL,9.40267181395829,0.187631196956808
China,0.0962151289092513,altruism,CHN,8.20964305246326,0.0962151289092513
Colombia,0.260399288726053,altruism,COL,8.69234737053681,0.260399288726053
Costa Rica,0.065572843819923,altruism,CRI,8.94050293024014,0.065572843819923
Croatia,0.198075541775791,altruism,HRV,9.53902869373319,0.198075541775791
Czech Republic,0.17855852939063,altruism,CZE,9.8534106179569,0.17855852939063
Egypt,-0.0351693500389437,altruism,EGY,7.7788079739548,-0.0351693500389437
Estonia,0.332764839636651,altruism,EST,9.63521000605059,0.332764839636651
Finland,0.344394691366536,altruism,FIN,10.7444796249982,0.344394691366536
France,0.0475473604929703,altruism,FRA,10.6117864311674,0.0475473604929703
Georgia,-0.0805969364802184,altruism,GEO,7.97290299399182,-0.0805969364802184
Germany,0.229562937858499,altruism,DEU,10.618662465785,0.229562937858499
Ghana,-0.00501763126239175,altruism,GHA,7.09963552635201,-0.00501763126239175
Greece,-0.054265177234845,altruism,GRC,10.2165706203312,-0.054265177234845
Guatemala,0.172386380031355,altruism,GTM,7.94414266128193,0.172386380031355
Haiti,0.116271745038868,altruism,HTI,6.53407979863068,0.116271745038868
Hungary,0.105994906861026,altruism,HUN,9.48626689053039,0.105994906861026
India,0.0761152058976601,altruism,IND,7.08342932975559,0.0761152058976601
Indonesia,-0.03035581359411,altruism,IDN,7.949606100172,-0.03035581359411
Iran,0.0383493617573533,altruism,IRN,8.71899979801416,0.0383493617573533
Iraq,0.044678423076554,altruism,IRQ,8.34982696860798,0.044678423076554
Israel,0.137640470301156,altruism,ISR,10.284498722553,0.137640470301156
Italy,0.12334826178664,altruism,ITA,10.5134215660861,0.12334826178664
Japan,0.163973410117664,altruism,JPN,10.700332166688,0.163973410117664
Jordan,-0.0912455453443907,altruism,JOR,8.17318158968626,-0.0912455453443907
Kazakhstan,0.0365782563277255,altruism,KAZ,9.01546392675182,0.0365782563277255
Kenya,-0.033459475484233,altruism,KEN,6.80663994139168,-0.033459475484233
Lithuania,0.146978076081227,altruism,LTU,9.36720863436723,0.146978076081227
Malawi,-0.0187777239565271,altruism,MWI,6.06391954788452,-0.0187777239565271
Mexico,0.00242716423745185,altruism,MEX,9.14391571211559,0.00242716423745185
Moldova,-0.0376289028491723,altruism,MDA,7.71549766835688,-0.0376289028491723
Morocco,0.0185007909062144,altruism,MAR,7.87263480044974,0.0185007909062144
Netherlands,0.147590426545171,altruism,NLD,10.8220941128038,0.147590426545171
Nicaragua,0.0662127373546013,altruism,NIC,7.29807137022244,0.0662127373546013
Nigeria,0.00623179068386494,altruism,NGA,7.62677036971656,0.00623179068386494
Pakistan,-0.16710959554107,altruism,PAK,6.86941729765193,-0.16710959554107
Peru,0.129870363085613,altruism,PER,8.40736001602751,0.129870363085613
Philippines,0.0780858432307003,altruism,PHL,7.62901056403653,0.0780858432307003
Poland,0.0960582125235907,altruism,POL,9.33943401027034,0.0960582125235907
Portugal,0.284461291068212,altruism,PRT,10.0054394492667,0.284461291068212
Romania,-0.00876610355849124,altruism,ROU,8.94988350962712,-0.00876610355849124
Russia,0.155046732786782,altruism,RUS,9.20980936584525,0.155046732786782
Rwanda,-0.0336110641306669,altruism,RWA,6.29606341020118,-0.0336110641306669
Saudi Arabia,0.0435932438652422,altruism,SAU,9.87514939493861,0.0435932438652422
Serbia,0.00064550513346719,altruism,SRB,8.57970094547058,0.00064550513346719
South Africa,0.0337169111355045,altruism,ZAF,8.86385418159955,0.0337169111355045
South Korea,-0.0414445649111261,altruism,KOR,9.95737590307406,-0.0414445649111261
Spain,0.0758342965501089,altruism,ESP,10.3356817805906,0.0758342965501089
Sri Lanka,-0.0873989919283407,altruism,LKA,7.82489428939383,-0.0873989919283407
Suriname,0.167584672265921,altruism,SUR,8.93962955677749,0.167584672265921
Sweden,0.320963763609498,altruism,SWE,10.8520837820769,0.320963763609498
Switzerland,0.214174583441038,altruism,CHE,11.1957573605179,0.214174583441038
Tanzania,-0.0208357788513888,altruism,TZA,6.5377094705006,-0.0208357788513888
Thailand,0.0494649671308588,altruism,THA,8.45371423132472,0.0494649671308588
Turkey,-0.0106762243556254,altruism,TUR,9.23887703165831,-0.0106762243556254
Uganda,-0.117359688087162,altruism,UGA,6.61112540747215,-0.117359688087162
Ukraine,0.0882764939395147,altruism,UKR,7.98643642485663,0.0882764939395147
United Arab Emirates,-0.0566005084879282,altruism,ARE,10.7359992643429,-0.0566005084879282
United Kingdom,0.158766616120358,altruism,GBR,10.5936711459176,0.158766616120358
United States,0.183329083401938,altruism,USA,10.7891852208812,0.183329083401938
Venezuela,0.110663038699234,altruism,VEN,9.49812822025194,0.110663038699234
Vietnam,-0.0568761657904112,altruism,VNM,7.06398624830281,-0.0568761657904112
Zimbabwe,-0.0936603932351898,altruism,ZWE,6.8769835499244,-0.0936603932351898
Afghanistan,0.299250641207943,negrecip,AFG,6.07601480077745,-0.299250641207943
Algeria,0.199956249825177,negrecip,DZA,8.37734266346542,-0.199956249825177
Argentina,0.250033288240256,negrecip,ARG,9.15503477940437,-0.250033288240256
Australia,0.332520849978343,negrecip,AUS,10.831083350524,-0.332520849978343
Austria,0.204998915991475,negrecip,AUT,10.7415607995392,-0.204998915991475
Bangladesh,0.198714844121227,negrecip,BGD,6.55805694315242,-0.198714844121227
Bolivia,0.113631096313281,negrecip,BOL,7.51692562881957,-0.113631096313281
Bosnia Herzegovina,0.143467730651292,negrecip,BIH,8.367686754699,-0.143467730651292
Botswana,0.200515595871518,negrecip,BWA,8.73160425672903,-0.200515595871518
Brazil,0.0195408115047303,negrecip,BRA,9.24850504607934,-0.0195408115047303
Cambodia,0.146486051284561,negrecip,KHM,6.56080194725664,-0.146486051284561
Cameroon,0.158296569775196,negrecip,CMR,7.14745441142489,-0.158296569775196
Canada,0.407372646691351,negrecip,CAN,10.7426526485155,-0.407372646691351
Chile,0.158272222379509,negrecip,CHL,9.40267181395829,-0.158272222379509
China,0.218738330124458,negrecip,CHN,8.20964305246326,-0.218738330124458
Colombia,0.112321387535807,negrecip,COL,8.69234737053681,-0.112321387535807
Costa Rica,0.0786544886508795,negrecip,CRI,8.94050293024014,-0.0786544886508795
Croatia,-0.002487990551239,negrecip,HRV,9.53902869373319,0.002487990551239
Czech Republic,0.278643874187574,negrecip,CZE,9.8534106179569,-0.278643874187574
Egypt,0.165761462489935,negrecip,EGY,7.7788079739548,-0.165761462489935
Estonia,0.216301390118712,negrecip,EST,9.63521000605059,-0.216301390118712
Finland,0.204389361790364,negrecip,FIN,10.7444796249982,-0.204389361790364
France,0.194639465865234,negrecip,FRA,10.6117864311674,-0.194639465865234
Georgia,0.137793759139532,negrecip,GEO,7.97290299399182,-0.137793759139532
Germany,0.108446391164167,negrecip,DEU,10.618662465785,-0.108446391164167
Ghana,-0.0147097876366665,negrecip,GHA,7.09963552635201,0.0147097876366665
Greece,0.263546824220901,negrecip,GRC,10.2165706203312,-0.263546824220901
Guatemala,0.09911087992937,negrecip,GTM,7.94414266128193,-0.09911087992937
Haiti,0.0849145225002701,negrecip,HTI,6.53407979863068,-0.0849145225002701
Hungary,0.321686184506624,negrecip,HUN,9.48626689053039,-0.321686184506624
India,0.161959210290214,negrecip,IND,7.08342932975559,-0.161959210290214
Indonesia,0.192776209049759,negrecip,IDN,7.949606100172,-0.192776209049759
Iran,0.0167859668763648,negrecip,IRN,8.71899979801416,-0.0167859668763648
Iraq,-0.0726016005911238,negrecip,IRQ,8.34982696860798,0.0726016005911238
Israel,0.125015526349863,negrecip,ISR,10.284498722553,-0.125015526349863
Italy,0.171016580394916,negrecip,ITA,10.5134215660861,-0.171016580394916
Japan,0.352308386043295,negrecip,JPN,10.700332166688,-0.352308386043295
Jordan,0.127776932820694,negrecip,JOR,8.17318158968626,-0.127776932820694
Kazakhstan,0.222510003803487,negrecip,KAZ,9.01546392675182,-0.222510003803487
Kenya,0.0246126755999137,negrecip,KEN,6.80663994139168,-0.0246126755999137
Lithuania,0.295437427401291,negrecip,LTU,9.36720863436723,-0.295437427401291
Malawi,0.0739378561716847,negrecip,MWI,6.06391954788452,-0.0739378561716847
Mexico,0.156305762258224,negrecip,MEX,9.14391571211559,-0.156305762258224
Moldova,0.155278098193323,negrecip,MDA,7.71549766835688,-0.155278098193323
Morocco,0.259527227070002,negrecip,MAR,7.87263480044974,-0.259527227070002
Netherlands,0.393014696775324,negrecip,NLD,10.8220941128038,-0.393014696775324
Nicaragua,-0.0132071203791552,negrecip,NIC,7.29807137022244,0.0132071203791552
Nigeria,-0.00285638824433646,negrecip,NGA,7.62677036971656,0.00285638824433646
Pakistan,0.181711892691773,negrecip,PAK,6.86941729765193,-0.181711892691773
Peru,0.0377544239536675,negrecip,PER,8.40736001602751,-0.0377544239536675
Philippines,0.0819393035734277,negrecip,PHL,7.62901056403653,-0.0819393035734277
Poland,0.205309347421109,negrecip,POL,9.33943401027034,-0.205309347421109
Portugal,0.0785035421236805,negrecip,PRT,10.0054394492667,-0.0785035421236805
Romania,0.108410071216271,negrecip,ROU,8.94988350962712,-0.108410071216271
Russia,0.290399347820419,negrecip,RUS,9.20980936584525,-0.290399347820419
Rwanda,0.155378904591154,negrecip,RWA,6.29606341020118,-0.155378904591154
Saudi Arabia,0.014997568923828,negrecip,SAU,9.87514939493861,-0.014997568923828
Serbia,0.252037008566874,negrecip,SRB,8.57970094547058,-0.252037008566874
South Africa,0.108432792303261,negrecip,ZAF,8.86385418159955,-0.108432792303261
South Korea,-0.0243654631745372,negrecip,KOR,9.95737590307406,0.0243654631745372
Spain,0.169093670609162,negrecip,ESP,10.3356817805906,-0.169093670609162
Sri Lanka,0.171494867936073,negrecip,LKA,7.82489428939383,-0.171494867936073
Suriname,0.120809162967366,negrecip,SUR,8.93962955677749,-0.120809162967366
Sweden,0.350722060022728,negrecip,SWE,10.8520837820769,-0.350722060022728
Switzerland,0.257805676902615,negrecip,CHE,11.1957573605179,-0.257805676902615
Tanzania,-0.00316001179001883,negrecip,TZA,6.5377094705006,0.00316001179001883
Thailand,0.0484587413413732,negrecip,THA,8.45371423132472,-0.0484587413413732
Turkey,0.123379996007534,negrecip,TUR,9.23887703165831,-0.123379996007534
Uganda,0.156048418954024,negrecip,UGA,6.61112540747215,-0.156048418954024
Ukraine,0.226832109429314,negrecip,UKR,7.98643642485663,-0.226832109429314
United Arab Emirates,0.0927643262620147,negrecip,ARE,10.7359992643429,-0.0927643262620147
United Kingdom,0.457615401358019,negrecip,GBR,10.5936711459176,-0.457615401358019
United States,0.345564932686124,negrecip,USA,10.7891852208812,-0.345564932686124
Venezuela,0.108922149576309,negrecip,VEN,9.49812822025194,-0.108922149576309
Vietnam,0.04826608923498,negrecip,VNM,7.06398624830281,-0.04826608923498
Zimbabwe,0.26547875132375,negrecip,ZWE,6.8769835499244,-0.26547875132375
Afghanistan,0.0425887415163801,posrecip,AFG,6.07601480077745,0.0425887415163801
Algeria,0.116014506811415,posrecip,DZA,8.37734266346542,0.116014506811415
Argentina,0.12174052453641,posrecip,ARG,9.15503477940437,0.12174052453641
Australia,-0.00295063770875833,posrecip,AUS,10.831083350524,-0.00295063770875833
Austria,0.0581773558430843,posrecip,AUT,10.7415607995392,0.0581773558430843
Bangladesh,-0.129620084478478,posrecip,BGD,6.55805694315242,-0.129620084478478
Bolivia,0.0915172811288242,posrecip,BOL,7.51692562881957,0.0915172811288242
Bosnia Herzegovina,0.0807017037241616,posrecip,BIH,8.367686754699,0.0807017037241616
Botswana,0.277419880361289,posrecip,BWA,8.73160425672903,0.277419880361289
Brazil,0.129349928756052,posrecip,BRA,9.24850504607934,0.129349928756052
Cambodia,-0.19565274033056,posrecip,KHM,6.56080194725664,-0.19565274033056
Cameroon,0.0601837443371597,posrecip,CMR,7.14745441142489,0.0601837443371597
Canada,0.0906655930883088,posrecip,CAN,10.7426526485155,0.0906655930883088
Chile,0.0550049716765093,posrecip,CHL,9.40267181395829,0.0550049716765093
China,-0.0440426855753931,posrecip,CHN,8.20964305246326,-0.0440426855753931
Colombia,0.142566326303392,posrecip,COL,8.69234737053681,0.142566326303392
Costa Rica,0.0479038000104023,posrecip,CRI,8.94050293024014,0.0479038000104023
Croatia,0.0620613377881043,posrecip,HRV,9.53902869373319,0.0620613377881043
Czech Republic,0.167031279276864,posrecip,CZE,9.8534106179569,0.167031279276864
Egypt,-0.090781563940553,posrecip,EGY,7.7788079739548,-0.090781563940553
Estonia,0.135810848226739,posrecip,EST,9.63521000605059,0.135810848226739
Finland,-0.0025113788817778,posrecip,FIN,10.7444796249982,-0.0025113788817778
France,-0.0729351288803487,posrecip,FRA,10.6117864311674,-0.0729351288803487
Georgia,0.0445884225212447,posrecip,GEO,7.97290299399182,0.0445884225212447
Germany,0.0100130885575695,posrecip,DEU,10.618662465785,0.0100130885575695
Ghana,-0.16827692311332,posrecip,GHA,7.09963552635201,-0.16827692311332
Greece,-0.0518367970283126,posrecip,GRC,10.2165706203312,-0.0518367970283126
Guatemala,0.0472721012436515,posrecip,GTM,7.94414266128193,0.0472721012436515
Haiti,-0.0167308936575918,posrecip,HTI,6.53407979863068,-0.0167308936575918
Hungary,-0.0438871604565684,posrecip,HUN,9.48626689053039,-0.0438871604565684
India,-0.101077178739401,posrecip,IND,7.08342932975559,-0.101077178739401
Indonesia,-0.000181451236148836,posrecip,IDN,7.949606100172,-0.000181451236148836
Iran,0.00179761449372617,posrecip,IRN,8.71899979801416,0.00179761449372617
Iraq,-0.0910361356046066,posrecip,IRQ,8.34982696860798,-0.0910361356046066
Israel,0.126626451531222,posrecip,ISR,10.284498722553,0.126626451531222
Italy,-0.152060943843856,posrecip,ITA,10.5134215660861,-0.152060943843856
Japan,0.036174449915781,posrecip,JPN,10.700332166688,0.036174449915781
Jordan,0.120842899096537,posrecip,JOR,8.17318158968626,0.120842899096537
Kazakhstan,-0.00222464266353007,posrecip,KAZ,9.01546392675182,-0.00222464266353007
Kenya,-0.0376265108303741,posrecip,KEN,6.80663994139168,-0.0376265108303741
Lithuania,0.277760552280409,posrecip,LTU,9.36720863436723,0.277760552280409
Malawi,-0.00462456573334076,posrecip,MWI,6.06391954788452,-0.00462456573334076
Mexico,-0.0341406056890075,posrecip,MEX,9.14391571211559,-0.0341406056890075
Moldova,0.0994694493304809,posrecip,MDA,7.71549766835688,0.0994694493304809
Morocco,0.163955139937513,posrecip,MAR,7.87263480044974,0.163955139937513
Netherlands,0.0267988163232103,posrecip,NLD,10.8220941128038,0.0267988163232103
Nicaragua,-0.0444780834114823,posrecip,NIC,7.29807137022244,-0.0444780834114823
Nigeria,0.00890716610339084,posrecip,NGA,7.62677036971656,0.00890716610339084
Pakistan,-0.224576446506653,posrecip,PAK,6.86941729765193,-0.224576446506653
Peru,0.0102483471142897,posrecip,PER,8.40736001602751,0.0102483471142897
Philippines,0.0440585364230358,posrecip,PHL,7.62901056403653,0.0440585364230358
Poland,0.0675426937561193,posrecip,POL,9.33943401027034,0.0675426937561193
Portugal,0.129418381074741,posrecip,PRT,10.0054394492667,0.129418381074741
Romania,0.0113758050856364,posrecip,ROU,8.94988350962712,0.0113758050856364
Russia,0.13080233430404,posrecip,RUS,9.20980936584525,0.13080233430404
Rwanda,0.0114424993674939,posrecip,RWA,6.29606341020118,0.0114424993674939
Saudi Arabia,0.244984099424287,posrecip,SAU,9.87514939493861,0.244984099424287
Serbia,-0.0841223437475284,posrecip,SRB,8.57970094547058,-0.0841223437475284
South Africa,0.0796746743881168,posrecip,ZAF,8.86385418159955,0.0796746743881168
South Korea,0.059661867739791,posrecip,KOR,9.95737590307406,0.059661867739791
Spain,0.0501627947241221,posrecip,ESP,10.3356817805906,0.0501627947241221
Sri Lanka,-0.0438803431905433,posrecip,LKA,7.82489428939383,-0.0438803431905433
Suriname,0.137154158820158,posrecip,SUR,8.93962955677749,0.137154158820158
Sweden,0.108437924107397,posrecip,SWE,10.8520837820769,0.108437924107397
Switzerland,0.0429206448956135,posrecip,CHE,11.1957573605179,0.0429206448956135
Tanzania,-0.0516337821684166,posrecip,TZA,6.5377094705006,-0.0516337821684166
Thailand,-0.143240270049165,posrecip,THA,8.45371423132472,-0.143240270049165
Turkey,-0.00466730328637176,posrecip,TUR,9.23887703165831,-0.00466730328637176
Uganda,0.0690795331507047,posrecip,UGA,6.61112540747215,0.0690795331507047
Ukraine,0.0863823506863068,posrecip,UKR,7.98643642485663,0.0863823506863068
United Arab Emirates,0.0361321461546221,posrecip,ARE,10.7359992643429,0.0361321461546221
United Kingdom,0.0254602503017922,posrecip,GBR,10.5936711459176,0.0254602503017922
United States,0.102090516331444,posrecip,USA,10.7891852208812,0.102090516331444
Venezuela,-0.0669622834460902,posrecip,VEN,9.49812822025194,-0.0669622834460902
Vietnam,0.105642414933051,posrecip,VNM,7.06398624830281,0.105642414933051
Zimbabwe,-0.00585492267212541,posrecip,ZWE,6.8769835499244,-0.00585492267212541
Afghanistan,0.276941358927892,risktaking,AFG,6.07601480077745,-0.276941358927892
Algeria,0.34795187632314,risktaking,DZA,8.37734266346542,-0.34795187632314
Argentina,0.261558788604296,risktaking,ARG,9.15503477940437,-0.261558788604296
Australia,0.36787276730644,risktaking,AUS,10.831083350524,-0.36787276730644
Austria,0.378769974018348,risktaking,AUT,10.7415607995392,-0.378769974018348
Bangladesh,0.120172798585495,risktaking,BGD,6.55805694315242,-0.120172798585495
Bolivia,0.236346848994598,risktaking,BOL,7.51692562881957,-0.236346848994598
Bosnia Herzegovina,0.13080036895266,risktaking,BIH,8.367686754699,-0.13080036895266
Botswana,0.109115011271791,risktaking,BWA,8.73160425672903,-0.109115011271791
Brazil,0.137367867622994,risktaking,BRA,9.24850504607934,-0.137367867622994
Cambodia,0.172398370924118,risktaking,KHM,6.56080194725664,-0.172398370924118
Cameroon,0.0713109128053648,risktaking,CMR,7.14745441142489,-0.0713109128053648
Canada,0.341750654817648,risktaking,CAN,10.7426526485155,-0.341750654817648
Chile,0.231680200117902,risktaking,CHL,9.40267181395829,-0.231680200117902
China,0.232281384908901,risktaking,CHN,8.20964305246326,-0.232281384908901
Colombia,0.175982410949342,risktaking,COL,8.69234737053681,-0.175982410949342
Costa Rica,0.13695499274274,risktaking,CRI,8.94050293024014,-0.13695499274274
Croatia,0.167756918089342,risktaking,HRV,9.53902869373319,-0.167756918089342
Czech Republic,0.349691376712376,risktaking,CZE,9.8534106179569,-0.349691376712376
Egypt,0.452193080497352,risktaking,EGY,7.7788079739548,-0.452193080497352
Estonia,0.319665654809429,risktaking,EST,9.63521000605059,-0.319665654809429
Finland,0.25997307671396,risktaking,FIN,10.7444796249982,-0.25997307671396
France,0.39426868774614,risktaking,FRA,10.6117864311674,-0.39426868774614
Georgia,0.301979693637179,risktaking,GEO,7.97290299399182,-0.301979693637179
Germany,0.0884078116533941,risktaking,DEU,10.618662465785,-0.0884078116533941
Ghana,-0.0202391901638412,risktaking,GHA,7.09963552635201,0.0202391901638412
Greece,0.352626718653255,risktaking,GRC,10.2165706203312,-0.352626718653255
Guatemala,0.0424270243578655,risktaking,GTM,7.94414266128193,-0.0424270243578655
Haiti,-0.0156432747428768,risktaking,HTI,6.53407979863068,0.0156432747428768
Hungary,0.38997971571755,risktaking,HUN,9.48626689053039,-0.38997971571755
India,0.31345463934015,risktaking,IND,7.08342932975559,-0.31345463934015
Indonesia,0.245444161841754,risktaking,IDN,7.949606100172,-0.245444161841754
Iran,0.00101071989039081,risktaking,IRN,8.71899979801416,-0.00101071989039081
Iraq,-0.144346129909453,risktaking,IRQ,8.34982696860798,0.144346129909453
Israel,0.305806268699178,risktaking,ISR,10.284498722553,-0.305806268699178
Italy,0.183523644493995,risktaking,ITA,10.5134215660861,-0.183523644493995
Japan,0.302859480241506,risktaking,JPN,10.700332166688,-0.302859480241506
Jordan,0.123853329708714,risktaking,JOR,8.17318158968626,-0.123853329708714
Kazakhstan,0.153800373134261,risktaking,KAZ,9.01546392675182,-0.153800373134261
Kenya,0.20240191852797,risktaking,KEN,6.80663994139168,-0.20240191852797
Lithuania,0.322530865709554,risktaking,LTU,9.36720863436723,-0.322530865709554
Malawi,0.144507497624101,risktaking,MWI,6.06391954788452,-0.144507497624101
Mexico,0.106649545660141,risktaking,MEX,9.14391571211559,-0.106649545660141
Moldova,0.116622346742093,risktaking,MDA,7.71549766835688,-0.116622346742093
Morocco,0.382731075360244,risktaking,MAR,7.87263480044974,-0.382731075360244
Netherlands,0.409561286338123,risktaking,NLD,10.8220941128038,-0.409561286338123
Nicaragua,0.175788358749953,risktaking,NIC,7.29807137022244,-0.175788358749953
Nigeria,0.327051170833184,risktaking,NGA,7.62677036971656,-0.327051170833184
Pakistan,-0.0444558022141197,risktaking,PAK,6.86941729765193,0.0444558022141197
Peru,0.161565644684277,risktaking,PER,8.40736001602751,-0.161565644684277
Philippines,0.183822118511772,risktaking,PHL,7.62901056403653,-0.183822118511772
Poland,0.247561524589014,risktaking,POL,9.33943401027034,-0.247561524589014
Portugal,0.190592266990031,risktaking,PRT,10.0054394492667,-0.190592266990031
Romania,0.187509084811591,risktaking,ROU,8.94988350962712,-0.187509084811591
Russia,0.298614886834375,risktaking,RUS,9.20980936584525,-0.298614886834375
Rwanda,0.208920060194075,risktaking,RWA,6.29606341020118,-0.208920060194075
Saudi Arabia,0.120288922241646,risktaking,SAU,9.87514939493861,-0.120288922241646
Serbia,0.237911035592753,risktaking,SRB,8.57970094547058,-0.237911035592753
South Africa,0.122306832695385,risktaking,ZAF,8.86385418159955,-0.122306832695385
South Korea,0.281051203714954,risktaking,KOR,9.95737590307406,-0.281051203714954
Spain,0.221693843262752,risktaking,ESP,10.3356817805906,-0.221693843262752
Sri Lanka,0.0951468393043013,risktaking,LKA,7.82489428939383,-0.0951468393043013
Suriname,0.16209081139047,risktaking,SUR,8.93962955677749,-0.16209081139047
Sweden,0.359639537148718,risktaking,SWE,10.8520837820769,-0.359639537148718
Switzerland,0.30307263730185,risktaking,CHE,11.1957573605179,-0.30307263730185
Tanzania,-0.106378971797848,risktaking,TZA,6.5377094705006,0.106378971797848
Thailand,0.13985589657694,risktaking,THA,8.45371423132472,-0.13985589657694
Turkey,0.10843689529946,risktaking,TUR,9.23887703165831,-0.10843689529946
Uganda,0.303168038790862,risktaking,UGA,6.61112540747215,-0.303168038790862
Ukraine,0.349059642025732,risktaking,UKR,7.98643642485663,-0.349059642025732
United Arab Emirates,0.185576180789763,risktaking,ARE,10.7359992643429,-0.185576180789763
United Kingdom,0.321105078137686,risktaking,GBR,10.5936711459176,-0.321105078137686
United States,0.427543185061297,risktaking,USA,10.7891852208812,-0.427543185061297
Venezuela,0.150287030550293,risktaking,VEN,9.49812822025194,-0.150287030550293
Vietnam,0.0919465552333914,risktaking,VNM,7.06398624830281,-0.0919465552333914
Zimbabwe,0.415682392472649,risktaking,ZWE,6.8769835499244,-0.415682392472649
Afghanistan,-0.237925282516942,patience,AFG,6.07601480077745,0.237925282516942
Algeria,0.0647801867447177,patience,DZA,8.37734266346542,-0.0647801867447177
Argentina,0.140821847755222,patience,ARG,9.15503477940437,-0.140821847755222
Australia,0.191635599125397,patience,AUS,10.831083350524,-0.191635599125397
Austria,0.284437728196608,patience,AUT,10.7415607995392,-0.284437728196608
Bangladesh,-0.0201897408324378,patience,BGD,6.55805694315242,0.0201897408324378
Bolivia,0.180429229988929,patience,BOL,7.51692562881957,-0.180429229988929
Bosnia Herzegovina,-0.0628013847634571,patience,BIH,8.367686754699,0.0628013847634571
Botswana,-0.00414436996482576,patience,BWA,8.73160425672903,0.00414436996482576
Brazil,0.00269015032260862,patience,BRA,9.24850504607934,-0.00269015032260862
Cambodia,0.193894587039092,patience,KHM,6.56080194725664,-0.193894587039092
Cameroon,0.058347572290539,patience,CMR,7.14745441142489,-0.058347572290539
Canada,0.235815075034659,patience,CAN,10.7426526485155,-0.235815075034659
Chile,0.0811370031016332,patience,CHL,9.40267181395829,-0.0811370031016332
China,0.13882000237307,patience,CHN,8.20964305246326,-0.13882000237307
Colombia,0.0178715335560803,patience,COL,8.69234737053681,-0.0178715335560803
Costa Rica,0.0980536984721335,patience,CRI,8.94050293024014,-0.0980536984721335
Croatia,0.0266047347628407,patience,HRV,9.53902869373319,-0.0266047347628407
Czech Republic,0.110758440637653,patience,CZE,9.8534106179569,-0.110758440637653
Egypt,0.105132705768575,patience,EGY,7.7788079739548,-0.105132705768575
Estonia,0.0513462213957155,patience,EST,9.63521000605059,-0.0513462213957155
Finland,0.0757366192505605,patience,FIN,10.7444796249982,-0.0757366192505605
France,0.268086211507991,patience,FRA,10.6117864311674,-0.268086211507991
Georgia,0.10647722023186,patience,GEO,7.97290299399182,-0.10647722023186
Germany,0.254113117623596,patience,DEU,10.618662465785,-0.254113117623596
Ghana,-0.0293784729241853,patience,GHA,7.09963552635201,0.0293784729241853
Greece,0.185198298728792,patience,GRC,10.2165706203312,-0.185198298728792
Guatemala,0.0771242922846293,patience,GTM,7.94414266128193,-0.0771242922846293
Haiti,0.225441279066993,patience,HTI,6.53407979863068,-0.225441279066993
Hungary,0.200303162417338,patience,HUN,9.48626689053039,-0.200303162417338
India,0.036780963253706,patience,IND,7.08342932975559,-0.036780963253706
Indonesia,0.127514560046665,patience,IDN,7.949606100172,-0.127514560046665
Iran,-0.0836730746996229,patience,IRN,8.71899979801416,0.0836730746996229
Iraq,-0.00628462946352776,patience,IRQ,8.34982696860798,0.00628462946352776
Israel,0.129564635905416,patience,ISR,10.284498722553,-0.129564635905416
Italy,0.169068475761453,patience,ITA,10.5134215660861,-0.169068475761453
Japan,-0.00432058348423485,patience,JPN,10.700332166688,0.00432058348423485
Jordan,-0.0462797953995311,patience,JOR,8.17318158968626,0.0462797953995311
Kazakhstan,0.00949341238504165,patience,KAZ,9.01546392675182,-0.00949341238504165
Kenya,-0.131655591468172,patience,KEN,6.80663994139168,0.131655591468172
Lithuania,0.0970582819115793,patience,LTU,9.36720863436723,-0.0970582819115793
Malawi,0.0711333939929029,patience,MWI,6.06391954788452,-0.0711333939929029
Mexico,0.0191331236504677,patience,MEX,9.14391571211559,-0.0191331236504677
Moldova,-0.117749816342401,patience,MDA,7.71549766835688,0.117749816342401
Morocco,-0.146509588761107,patience,MAR,7.87263480044974,0.146509588761107
Netherlands,0.294632207220969,patience,NLD,10.8220941128038,-0.294632207220969
Nicaragua,0.0212362931835368,patience,NIC,7.29807137022244,-0.0212362931835368
Nigeria,0.107050294455127,patience,NGA,7.62677036971656,-0.107050294455127
Pakistan,-0.0676430349500379,patience,PAK,6.86941729765193,0.0676430349500379
Peru,0.119652173228129,patience,PER,8.40736001602751,-0.119652173228129
Philippines,0.0716490307067039,patience,PHL,7.62901056403653,-0.0716490307067039
Poland,0.157503089444508,patience,POL,9.33943401027034,-0.157503089444508
Portugal,0.0829477844597131,patience,PRT,10.0054394492667,-0.0829477844597131
Romania,0.0798656969029582,patience,ROU,8.94988350962712,-0.0798656969029582
Russia,-0.00400701791314083,patience,RUS,9.20980936584525,0.00400701791314083
Rwanda,0.066517573698668,patience,RWA,6.29606341020118,-0.066517573698668
Saudi Arabia,0.12350334978635,patience,SAU,9.87514939493861,-0.12350334978635
Serbia,0.133833784152581,patience,SRB,8.57970094547058,-0.133833784152581
South Africa,0.0283075881200469,patience,ZAF,8.86385418159955,-0.0283075881200469
South Korea,-0.0238800474275914,patience,KOR,9.95737590307406,0.0238800474275914
Spain,0.176858006902971,patience,ESP,10.3356817805906,-0.176858006902971
Sri Lanka,-0.0705608667207722,patience,LKA,7.82489428939383,0.0705608667207722
Suriname,-0.0838919295805559,patience,SUR,8.93962955677749,0.0838919295805559
Sweden,0.219709217319124,patience,SWE,10.8520837820769,-0.219709217319124
Switzerland,0.279405482381623,patience,CHE,11.1957573605179,-0.279405482381623
Tanzania,-0.00988504958599045,patience,TZA,6.5377094705006,0.00988504958599045
Thailand,-0.0642564499388644,patience,THA,8.45371423132472,0.0642564499388644
Turkey,0.224031206738644,patience,TUR,9.23887703165831,-0.224031206738644
Uganda,0.0582690815896853,patience,UGA,6.61112540747215,-0.0582690815896853
Ukraine,0.156217992264339,patience,UKR,7.98643642485663,-0.156217992264339
United Arab Emirates,0.0951436543490496,patience,ARE,10.7359992643429,-0.0951436543490496
United Kingdom,0.278097893025228,patience,GBR,10.5936711459176,-0.278097893025228
United States,0.0436270571393865,patience,USA,10.7891852208812,-0.0436270571393865
Venezuela,0.0746721763620908,patience,VEN,9.49812822025194,-0.0746721763620908
Vietnam,-0.0644287787823267,patience,VNM,7.06398624830281,0.0644287787823267
Zimbabwe,0.197616856856292,patience,ZWE,6.8769835499244,-0.197616856856292
